,Clase,Sobrevivi√≥,Nombre,Sexo,Ticket,Tarifa
0,1,1,"Allen, Miss. Elisabeth Walton",Mujer,24160,211.3375
1,1,1,"Allison, Master. Hudson Trevor",Hombre,113781,151.55
2,1,0,"Allison, Miss. Helen Loraine",Mujer,113781,151.55
3,1,0,"Allison, Mr. Hudson Joshua Creighton",Hombre,113781,151.55
4,1,0,"Allison, Mrs. Hudson J C (Bessie Waldo Daniels)",Mujer,113781,151.55
5,1,1,"Anderson, Mr. Harry",Hombre,19952,26.55
6,1,1,"Andrews, Miss. Kornelia Theodosia",Mujer,13502,77.9583
7,1,0,"Andrews, Mr. Thomas Jr",Hombre,112050,0.0
8,1,1,"Appleton, Mrs. Edward Dale (Charlotte Lamson)",Mujer,11769,51.4792
9,1,0,"Artagaveytia, Mr. Ramon",Hombre,PC 17609,49.5042
10,1,0,"Astor, Col. John Jacob",Hombre,PC 17757,227.525
11,1,1,"Astor, Mrs. John Jacob (Madeleine Talmadge Force)",Mujer,PC 17757,227.525
12,1,1,"Aubart, Mme. Leontine Pauline",Mujer,PC 17477,69.3
13,1,1,"Barber, Miss. Ellen ""Nellie""",Mujer,19877,78.85
14,1,1,"Barkworth, Mr. Algernon Henry Wilson",Hombre,27042,30.0
15,1,0,"Baumann, Mr. John D",Hombre,PC 17318,25.925
16,1,0,"Baxter, Mr. Quigg Edmond",Hombre,PC 17558,247.5208
17,1,1,"Baxter, Mrs. James (Helene DeLaudeniere Chaput)",Mujer,PC 17558,247.5208
18,1,1,"Bazzani, Miss. Albina",Mujer,11813,76.2917
19,1,0,"Beattie, Mr. Thomson",Hombre,13050,75.2417
20,1,1,"Beckwith, Mr. Richard Leonard",Hombre,11751,52.5542
21,1,1,"Beckwith, Mrs. Richard Leonard (Sallie Monypeny)",Mujer,11751,52.5542
22,1,1,"Behr, Mr. Karl Howell",Hombre,111369,30.0
23,1,1,"Bidois, Miss. Rosalie",Mujer,PC 17757,227.525
24,1,1,"Bird, Miss. Ellen",Mujer,PC 17483,221.7792
25,1,0,"Birnbaum, Mr. Jakob",Hombre,13905,26.0
26,1,1,"Bishop, Mr. Dickinson H",Hombre,11967,91.0792
27,1,1,"Bishop, Mrs. Dickinson H (Helen Walton)",Mujer,11967,91.0792
28,1,1,"Bissette, Miss. Amelia",Mujer,PC 17760,135.6333
29,1,1,"Bjornstrom-Steffansson, Mr. Mauritz Hakan",Hombre,110564,26.55
30,1,0,"Blackwell, Mr. Stephen Weart",Hombre,113784,35.5
31,1,1,"Blank, Mr. Henry",Hombre,112277,31.0
32,1,1,"Bonnell, Miss. Caroline",Mujer,36928,164.8667
33,1,1,"Bonnell, Miss. Elizabeth",Mujer,113783,26.55
34,1,0,"Borebank, Mr. John James",Hombre,110489,26.55
35,1,1,"Bowen, Miss. Grace Scott",Mujer,PC 17608,262.375
36,1,1,"Bowerman, Miss. Elsie Edith",Mujer,113505,55.0
37,1,1,"Bradley, Mr. George (""George Arthur Brayton"")",Hombre,111427,26.55
38,1,0,"Brady, Mr. John Bertram",Hombre,113054,30.5
39,1,0,"Brandeis, Mr. Emil",Hombre,PC 17591,50.4958
40,1,0,"Brewe, Dr. Arthur Jackson",Hombre,112379,39.6
41,1,1,"Brown, Mrs. James Joseph (Margaret Tobin)",Mujer,PC 17610,27.7208
42,1,1,"Brown, Mrs. John Murray (Caroline Lane Lamson)",Mujer,11769,51.4792
43,1,1,"Bucknell, Mrs. William Robert (Emma Eliza Ward)",Mujer,11813,76.2917
44,1,1,"Burns, Miss. Elizabeth Margaret",Mujer,16966,134.5
45,1,0,"Butt, Major. Archibald Willingham",Hombre,113050,26.55
46,1,0,"Cairns, Mr. Alexander",Hombre,113798,31.0
47,1,1,"Calderhead, Mr. Edward Pennington",Hombre,PC 17476,26.2875
48,1,1,"Candee, Mrs. Edward (Helen Churchill Hungerford)",Mujer,PC 17606,27.4458
49,1,1,"Cardeza, Mr. Thomas Drake Martinez",Hombre,PC 17755,512.3292
50,1,1,"Cardeza, Mrs. James Warburton Martinez (Charlotte Wardle Drake)",Mujer,PC 17755,512.3292
51,1,0,"Carlsson, Mr. Frans Olof",Hombre,695,5.0
52,1,0,"Carrau, Mr. Francisco M",Hombre,113059,47.1
53,1,0,"Carrau, Mr. Jose Pedro",Hombre,113059,47.1
54,1,1,"Carter, Master. William Thornton II",Hombre,113760,120.0
55,1,1,"Carter, Miss. Lucile Polk",Mujer,113760,120.0
56,1,1,"Carter, Mr. William Ernest",Hombre,113760,120.0
57,1,1,"Carter, Mrs. William Ernest (Lucile Polk)",Mujer,113760,120.0
58,1,0,"Case, Mr. Howard Brown",Hombre,19924,26.0
59,1,1,"Cassebeer, Mrs. Henry Arthur Jr (Eleanor Genevieve Fosdick)",Mujer,17770,27.7208
60,1,0,"Cavendish, Mr. Tyrell William",Hombre,19877,78.85
61,1,1,"Cavendish, Mrs. Tyrell William (Julia Florence Siegel)",Mujer,19877,78.85
62,1,0,"Chaffee, Mr. Herbert Fuller",Hombre,W.E.P. 5734,61.175
63,1,1,"Chaffee, Mrs. Herbert Fuller (Carrie Constance Toogood)",Mujer,W.E.P. 5734,61.175
64,1,1,"Chambers, Mr. Norman Campbell",Hombre,113806,53.1
65,1,1,"Chambers, Mrs. Norman Campbell (Bertha Griggs)",Mujer,113806,53.1
66,1,1,"Chaudanson, Miss. Victorine",Mujer,PC 17608,262.375
67,1,1,"Cherry, Miss. Gladys",Mujer,110152,86.5
68,1,1,"Chevre, Mr. Paul Romaine",Hombre,PC 17594,29.7
69,1,1,"Chibnall, Mrs. (Edith Martha Bowerman)",Mujer,113505,55.0
70,1,0,"Chisholm, Mr. Roderick Robert Crispin",Hombre,112051,0.0
71,1,0,"Clark, Mr. Walter Miller",Hombre,13508,136.7792
72,1,1,"Clark, Mrs. Walter Miller (Virginia McDowell)",Mujer,13508,136.7792
73,1,1,"Cleaver, Miss. Alice",Mujer,113781,151.55
74,1,0,"Clifford, Mr. George Quincy",Hombre,110465,52.0
75,1,0,"Colley, Mr. Edward Pomeroy",Hombre,5727,25.5875
76,1,1,"Compton, Miss. Sara Rebecca",Mujer,PC 17756,83.1583
77,1,0,"Compton, Mr. Alexander Taylor Jr",Hombre,PC 17756,83.1583
78,1,1,"Compton, Mrs. Alexander Taylor (Mary Eliza Ingersoll)",Mujer,PC 17756,83.1583
79,1,1,"Cornell, Mrs. Robert Clifford (Malvina Helen Lamson)",Mujer,11770,25.7
80,1,0,"Crafton, Mr. John Bertram",Hombre,113791,26.55
81,1,0,"Crosby, Capt. Edward Gifford",Hombre,WE/P 5735,71.0
82,1,1,"Crosby, Miss. Harriet R",Mujer,WE/P 5735,71.0
83,1,1,"Crosby, Mrs. Edward Gifford (Catherine Elizabeth Halstead)",Mujer,112901,26.55
84,1,0,"Cumings, Mr. John Bradley",Hombre,PC 17599,71.2833
85,1,1,"Cumings, Mrs. John Bradley (Florence Briggs Thayer)",Mujer,PC 17599,71.2833
86,1,1,"Daly, Mr. Peter Denis ",Hombre,113055,26.55
87,1,1,"Daniel, Mr. Robert Williams",Hombre,113804,30.5
88,1,1,"Daniels, Miss. Sarah",Mujer,113781,151.55
89,1,0,"Davidson, Mr. Thornton",Hombre,F.C. 12750,52.0
90,1,1,"Davidson, Mrs. Thornton (Orian Hays)",Mujer,F.C. 12750,52.0
91,1,1,"Dick, Mr. Albert Adrian",Hombre,17474,57.0
92,1,1,"Dick, Mrs. Albert Adrian (Vera Gillespie)",Mujer,17474,57.0
93,1,1,"Dodge, Dr. Washington",Hombre,33638,81.8583
94,1,1,"Dodge, Master. Washington",Hombre,33638,81.8583
95,1,1,"Dodge, Mrs. Washington (Ruth Vidaver)",Mujer,33638,81.8583
96,1,0,"Douglas, Mr. Walter Donald",Hombre,PC 17761,106.425
97,1,1,"Douglas, Mrs. Frederick Charles (Mary Helene Baxter)",Mujer,PC 17558,247.5208
98,1,1,"Douglas, Mrs. Walter Donald (Mahala Dutton)",Mujer,PC 17761,106.425
99,1,1,"Duff Gordon, Lady. (Lucille Christiana Sutherland) (""Mrs Morgan"")",Mujer,11755,39.6
100,1,1,"Duff Gordon, Sir. Cosmo Edmund (""Mr Morgan"")",Hombre,PC 17485,56.9292
101,1,0,"Dulles, Mr. William Crothers",Hombre,PC 17580,29.7
102,1,1,"Earnshaw, Mrs. Boulton (Olive Potter)",Mujer,11767,83.1583
103,1,1,"Endres, Miss. Caroline Louise",Mujer,PC 17757,227.525
104,1,1,"Eustis, Miss. Elizabeth Mussey",Mujer,36947,78.2667
105,1,0,"Evans, Miss. Edith Corse",Mujer,PC 17531,31.6792
106,1,0,"Farthing, Mr. John",Hombre,PC 17483,221.7792
107,1,1,"Flegenheim, Mrs. Alfred (Antoinette)",Mujer,PC 17598,31.6833
108,1,1,"Fleming, Miss. Margaret",Mujer,17421,110.8833
109,1,1,"Flynn, Mr. John Irwin (""Irving"")",Hombre,PC 17474,26.3875
110,1,0,"Foreman, Mr. Benjamin Laventall",Hombre,113051,27.75
111,1,1,"Fortune, Miss. Alice Elizabeth",Mujer,19950,263.0
112,1,1,"Fortune, Miss. Ethel Flora",Mujer,19950,263.0
113,1,1,"Fortune, Miss. Mabel Helen",Mujer,19950,263.0
114,1,0,"Fortune, Mr. Charles Alexander",Hombre,19950,263.0
115,1,0,"Fortune, Mr. Mark",Hombre,19950,263.0
116,1,1,"Fortune, Mrs. Mark (Mary McDougald)",Mujer,19950,263.0
117,1,1,"Francatelli, Miss. Laura Mabel",Mujer,PC 17485,56.9292
118,1,0,"Franklin, Mr. Thomas Parham",Hombre,113778,26.55
119,1,1,"Frauenthal, Dr. Henry William",Hombre,PC 17611,133.65
120,1,1,"Frauenthal, Mr. Isaac Gerald",Hombre,17765,27.7208
121,1,1,"Frauenthal, Mrs. Henry William (Clara Heinsheimer)",Mujer,PC 17611,133.65
122,1,1,"Frolicher, Miss. Hedwig Margaritha",Mujer,13568,49.5
123,1,1,"Frolicher-Stehli, Mr. Maxmillian",Hombre,13567,79.2
124,1,1,"Frolicher-Stehli, Mrs. Maxmillian (Margaretha Emerentia Stehli)",Mujer,13567,79.2
125,1,0,"Fry, Mr. Richard",Hombre,112058,0.0
126,1,0,"Futrelle, Mr. Jacques Heath",Hombre,113803,53.1
127,1,1,"Futrelle, Mrs. Jacques Heath (Lily May Peel)",Mujer,113803,53.1
128,1,0,"Gee, Mr. Arthur H",Hombre,111320,38.5
129,1,1,"Geiger, Miss. Amalie",Mujer,113503,211.5
130,1,1,"Gibson, Miss. Dorothy Winifred",Mujer,112378,59.4
131,1,1,"Gibson, Mrs. Leonard (Pauline C Boeson)",Mujer,112378,59.4
132,1,0,"Giglio, Mr. Victor",Hombre,PC 17593,79.2
133,1,1,"Goldenberg, Mr. Samuel L",Hombre,17453,89.1042
134,1,1,"Goldenberg, Mrs. Samuel L (Edwiga Grabowska)",Mujer,17453,89.1042
135,1,0,"Goldschmidt, Mr. George B",Hombre,PC 17754,34.6542
136,1,1,"Gracie, Col. Archibald IV",Hombre,113780,28.5
137,1,1,"Graham, Miss. Margaret Edith",Mujer,112053,30.0
138,1,0,"Graham, Mr. George Edward",Hombre,PC 17582,153.4625
139,1,1,"Graham, Mrs. William Thompson (Edith Junkins)",Mujer,PC 17582,153.4625
140,1,1,"Greenfield, Mr. William Bertram",Hombre,PC 17759,63.3583
141,1,1,"Greenfield, Mrs. Leo David (Blanche Strouse)",Mujer,PC 17759,63.3583
142,1,0,"Guggenheim, Mr. Benjamin",Hombre,PC 17593,79.2
143,1,1,"Harder, Mr. George Achilles",Hombre,11765,55.4417
144,1,1,"Harder, Mrs. George Achilles (Dorothy Annan)",Mujer,11765,55.4417
145,1,1,"Harper, Mr. Henry Sleeper",Hombre,PC 17572,76.7292
146,1,1,"Harper, Mrs. Henry Sleeper (Myna Haxtun)",Mujer,PC 17572,76.7292
147,1,0,"Harrington, Mr. Charles H",Hombre,113796,42.4
148,1,0,"Harris, Mr. Henry Birkhardt",Hombre,36973,83.475
149,1,1,"Harris, Mrs. Henry Birkhardt (Irene Wallach)",Mujer,36973,83.475
150,1,0,"Harrison, Mr. William",Hombre,112059,0.0
151,1,1,"Hassab, Mr. Hammad",Hombre,PC 17572,76.7292
152,1,1,"Hawksford, Mr. Walter James",Hombre,16988,30.0
153,1,1,"Hays, Miss. Margaret Bechstein",Mujer,11767,83.1583
154,1,0,"Hays, Mr. Charles Melville",Hombre,12749,93.5
155,1,1,"Hays, Mrs. Charles Melville (Clara Jennings Gregg)",Mujer,12749,93.5
156,1,0,"Head, Mr. Christopher",Hombre,113038,42.5
157,1,0,"Hilliard, Mr. Herbert Henry",Hombre,17463,51.8625
158,1,0,"Hipkins, Mr. William Edward",Hombre,680,50.0
159,1,1,"Hippach, Miss. Jean Gertrude",Mujer,111361,57.9792
160,1,1,"Hippach, Mrs. Louis Albert (Ida Sophia Fischer)",Mujer,111361,57.9792
161,1,1,"Hogeboom, Mrs. John C (Anna Andrews)",Mujer,13502,77.9583
162,1,0,"Holverson, Mr. Alexander Oskar",Hombre,113789,52.0
163,1,1,"Holverson, Mrs. Alexander Oskar (Mary Aline Towner)",Mujer,113789,52.0
164,1,1,"Homer, Mr. Harry (""Mr E Haven"")",Hombre,111426,26.55
165,1,1,"Hoyt, Mr. Frederick Maxfield",Hombre,19943,90.0
166,1,0,"Hoyt, Mr. William Fisher",Hombre,PC 17600,30.6958
167,1,1,"Hoyt, Mrs. Frederick Maxfield (Jane Anne Forby)",Mujer,19943,90.0
168,1,1,"Icard, Miss. Amelie",Mujer,113572,80.0
169,1,0,"Isham, Miss. Ann Elizabeth",Mujer,PC 17595,28.7125
170,1,1,"Ismay, Mr. Joseph Bruce",Hombre,112058,0.0
171,1,0,"Jones, Mr. Charles Cresson",Hombre,694,26.0
172,1,0,"Julian, Mr. Henry Forbes",Hombre,113044,26.0
173,1,0,"Keeping, Mr. Edwin",Hombre,113503,211.5
174,1,0,"Kent, Mr. Edward Austin",Hombre,11771,29.7
175,1,0,"Kenyon, Mr. Frederick R",Hombre,17464,51.8625
176,1,1,"Kenyon, Mrs. Frederick R (Marion)",Mujer,17464,51.8625
177,1,1,"Kimball, Mr. Edwin Nelson Jr",Hombre,11753,52.5542
178,1,1,"Kimball, Mrs. Edwin Nelson Jr (Gertrude Parsons)",Mujer,11753,52.5542
179,1,0,"Klaber, Mr. Herman",Hombre,113028,26.55
180,1,1,"Kreuchen, Miss. Emilie",Mujer,24160,211.3375
181,1,1,"Leader, Dr. Alice (Farnham)",Mujer,17465,25.9292
182,1,1,"LeRoy, Miss. Bertha",Mujer,PC 17761,106.425
183,1,1,"Lesurer, Mr. Gustave J",Hombre,PC 17755,512.3292
184,1,0,"Lewy, Mr. Ervin G",Hombre,PC 17612,27.7208
185,1,0,"Lindeberg-Lind, Mr. Erik Gustaf (""Mr Edward Lingrey"")",Hombre,17475,26.55
186,1,1,"Lindstrom, Mrs. Carl Johan (Sigrid Posse)",Mujer,112377,27.7208
187,1,1,"Lines, Miss. Mary Conover",Mujer,PC 17592,39.4
188,1,1,"Lines, Mrs. Ernest H (Elizabeth Lindsey James)",Mujer,PC 17592,39.4
189,1,0,"Long, Mr. Milton Clyde",Hombre,113501,30.0
190,1,1,"Longley, Miss. Gretchen Fiske",Mujer,13502,77.9583
191,1,0,"Loring, Mr. Joseph Holland",Hombre,113801,45.5
192,1,1,"Lurette, Miss. Elise",Mujer,PC 17569,146.5208
193,1,1,"Madill, Miss. Georgette Alexandra",Mujer,24160,211.3375
194,1,0,"Maguire, Mr. John Edward",Hombre,110469,26.0
195,1,1,"Maioni, Miss. Roberta",Mujer,110152,86.5
196,1,1,"Marechal, Mr. Pierre",Hombre,11774,29.7
197,1,0,"Marvin, Mr. Daniel Warner",Hombre,113773,53.1
198,1,1,"Marvin, Mrs. Daniel Warner (Mary Graham Carmichael Farquarson)",Mujer,113773,53.1
199,1,1,"Mayne, Mlle. Berthe Antonine (""Mrs de Villiers"")",Mujer,PC 17482,49.5042
200,1,0,"McCaffry, Mr. Thomas Francis",Hombre,13050,75.2417
201,1,0,"McCarthy, Mr. Timothy J",Hombre,17463,51.8625
202,1,1,"McGough, Mr. James Robert",Hombre,PC 17473,26.2875
203,1,0,"Meyer, Mr. Edgar Joseph",Hombre,PC 17604,82.1708
204,1,1,"Meyer, Mrs. Edgar Joseph (Leila Saks)",Mujer,PC 17604,82.1708
205,1,0,"Millet, Mr. Francis Davis",Hombre,13509,26.55
206,1,0,"Minahan, Dr. William Edward",Hombre,19928,90.0
207,1,1,"Minahan, Miss. Daisy E",Mujer,19928,90.0
208,1,1,"Minahan, Mrs. William Edward (Lillian E Thorpe)",Mujer,19928,90.0
209,1,1,"Mock, Mr. Philipp Edmund",Hombre,13236,57.75
210,1,0,"Molson, Mr. Harry Markland",Hombre,113787,30.5
211,1,0,"Moore, Mr. Clarence Bloomfield",Hombre,113796,42.4
212,1,0,"Natsch, Mr. Charles H",Hombre,PC 17596,29.7
213,1,1,"Newell, Miss. Madeleine",Mujer,35273,113.275
214,1,1,"Newell, Miss. Marjorie",Mujer,35273,113.275
215,1,0,"Newell, Mr. Arthur Webster",Hombre,35273,113.275
216,1,1,"Newsom, Miss. Helen Monypeny",Mujer,11752,26.2833
217,1,0,"Nicholson, Mr. Arthur Ernest",Hombre,693,26.0
218,1,1,"Oliva y Ocana, Dona. Fermina",Mujer,PC 17758,108.9
219,1,1,"Omont, Mr. Alfred Fernand",Hombre,F.C. 12998,25.7417
220,1,1,"Ostby, Miss. Helene Ragnhild",Mujer,113509,61.9792
221,1,0,"Ostby, Mr. Engelhart Cornelius",Hombre,113509,61.9792
222,1,0,"Ovies y Rodriguez, Mr. Servando",Hombre,PC 17562,27.7208
223,1,0,"Parr, Mr. William Henry Marsh",Hombre,112052,0.0
224,1,0,"Partner, Mr. Austen",Hombre,113043,28.5
225,1,0,"Payne, Mr. Vivian Ponsonby",Hombre,12749,93.5
226,1,0,"Pears, Mr. Thomas Clinton",Hombre,113776,66.6
227,1,1,"Pears, Mrs. Thomas (Edith Wearne)",Mujer,113776,66.6
228,1,0,"Penasco y Castellana, Mr. Victor de Satode",Hombre,PC 17758,108.9
229,1,1,"Penasco y Castellana, Mrs. Victor de Satode (Maria Josefa Perez de Soto y Vallejo)",Mujer,PC 17758,108.9
230,1,1,"Perreault, Miss. Anne",Mujer,12749,93.5
231,1,1,"Peuchen, Major. Arthur Godfrey",Hombre,113786,30.5
232,1,0,"Porter, Mr. Walter Chamberlain",Hombre,110465,52.0
233,1,1,"Potter, Mrs. Thomas Jr (Lily Alexenia Wilson)",Mujer,11767,83.1583
234,1,0,"Reuchlin, Jonkheer. John George",Hombre,19972,0.0
235,1,1,"Rheims, Mr. George Alexander Lucien",Hombre,PC 17607,39.6
236,1,0,"Ringhini, Mr. Sante",Hombre,PC 17760,135.6333
237,1,0,"Robbins, Mr. Victor",Hombre,PC 17757,227.525
238,1,1,"Robert, Mrs. Edward Scott (Elisabeth Walton McMillan)",Mujer,24160,211.3375
239,1,0,"Roebling, Mr. Washington Augustus II",Hombre,PC 17590,50.4958
240,1,1,"Romaine, Mr. Charles Hallace (""Mr C Rolmane"")",Hombre,111428,26.55
241,1,0,"Rood, Mr. Hugh Roscoe",Hombre,113767,50.0
242,1,1,"Rosenbaum, Miss. Edith Louise",Mujer,PC 17613,27.7208
243,1,0,"Rosenshine, Mr. George (""Mr George Thorne"")",Hombre,PC 17585,79.2
244,1,0,"Ross, Mr. John Hugo",Hombre,13049,40.125
245,1,1,"Rothes, the Countess. of (Lucy Noel Martha Dyer-Edwards)",Mujer,110152,86.5
246,1,0,"Rothschild, Mr. Martin",Hombre,PC 17603,59.4
247,1,1,"Rothschild, Mrs. Martin (Elizabeth L. Barrett)",Mujer,PC 17603,59.4
248,1,0,"Rowe, Mr. Alfred G",Hombre,113790,26.55
249,1,1,"Ryerson, Master. John Borie",Hombre,PC 17608,262.375
250,1,1,"Ryerson, Miss. Emily Borie",Mujer,PC 17608,262.375
251,1,1,"Ryerson, Miss. Susan Parker ""Suzette""",Mujer,PC 17608,262.375
252,1,0,"Ryerson, Mr. Arthur Larned",Hombre,PC 17608,262.375
253,1,1,"Ryerson, Mrs. Arthur Larned (Emily Maria Borie)",Mujer,PC 17608,262.375
254,1,1,"Saalfeld, Mr. Adolphe",Hombre,19988,30.5
255,1,1,"Sagesser, Mlle. Emma",Mujer,PC 17477,69.3
256,1,1,"Salomon, Mr. Abraham L",Hombre,111163,26.0
257,1,1,"Schabert, Mrs. Paul (Emma Mock)",Mujer,13236,57.75
258,1,1,"Serepeca, Miss. Augusta",Mujer,113798,31.0
259,1,1,"Seward, Mr. Frederic Kimber",Hombre,113794,26.55
260,1,1,"Shutes, Miss. Elizabeth W",Mujer,PC 17582,153.4625
261,1,1,"Silverthorne, Mr. Spencer Victor",Hombre,PC 17475,26.2875
262,1,0,"Silvey, Mr. William Baird",Hombre,13507,55.9
263,1,1,"Silvey, Mrs. William Baird (Alice Munger)",Mujer,13507,55.9
264,1,1,"Simonius-Blumer, Col. Oberst Alfons",Hombre,13213,35.5
265,1,1,"Sloper, Mr. William Thompson",Hombre,113788,35.5
266,1,0,"Smart, Mr. John Montgomery",Hombre,113792,26.55
267,1,0,"Smith, Mr. James Clinch",Hombre,17764,30.6958
268,1,0,"Smith, Mr. Lucien Philip",Hombre,13695,60.0
269,1,0,"Smith, Mr. Richard William",Hombre,113056,26.0
270,1,1,"Smith, Mrs. Lucien Philip (Mary Eloise Hughes)",Mujer,13695,60.0
271,1,1,"Snyder, Mr. John Pillsbury",Hombre,21228,82.2667
272,1,1,"Snyder, Mrs. John Pillsbury (Nelle Stevenson)",Mujer,21228,82.2667
273,1,1,"Spedden, Master. Robert Douglas",Hombre,16966,134.5
274,1,1,"Spedden, Mr. Frederic Oakley",Hombre,16966,134.5
275,1,1,"Spedden, Mrs. Frederic Oakley (Margaretta Corning Stone)",Mujer,16966,134.5
276,1,0,"Spencer, Mr. William Augustus",Hombre,PC 17569,146.5208
277,1,1,"Spencer, Mrs. William Augustus (Marie Eugenie)",Mujer,PC 17569,146.5208
278,1,1,"Stahelin-Maeglin, Dr. Max",Hombre,13214,30.5
279,1,0,"Stead, Mr. William Thomas",Hombre,113514,26.55
280,1,1,"Stengel, Mr. Charles Emil Henry",Hombre,11778,55.4417
281,1,1,"Stengel, Mrs. Charles Emil Henry (Annie May Morris)",Mujer,11778,55.4417
282,1,1,"Stephenson, Mrs. Walter Bertram (Martha Eustis)",Mujer,36947,78.2667
283,1,0,"Stewart, Mr. Albert A",Hombre,PC 17605,27.7208
284,1,1,"Stone, Mrs. George Nelson (Martha Evelyn)",Mujer,113572,80.0
285,1,0,"Straus, Mr. Isidor",Hombre,PC 17483,221.7792
286,1,0,"Straus, Mrs. Isidor (Rosalie Ida Blun)",Mujer,PC 17483,221.7792
287,1,0,"Sutton, Mr. Frederick",Hombre,36963,32.3208
288,1,1,"Swift, Mrs. Frederick Joel (Margaret Welles Barron)",Mujer,17466,25.9292
289,1,1,"Taussig, Miss. Ruth",Mujer,110413,79.65
290,1,0,"Taussig, Mr. Emil",Hombre,110413,79.65
291,1,1,"Taussig, Mrs. Emil (Tillie Mandelbaum)",Mujer,110413,79.65
292,1,1,"Taylor, Mr. Elmer Zebley",Hombre,19996,52.0
293,1,1,"Taylor, Mrs. Elmer Zebley (Juliet Cummins Wright)",Mujer,19996,52.0
294,1,0,"Thayer, Mr. John Borland",Hombre,17421,110.8833
295,1,1,"Thayer, Mr. John Borland Jr",Hombre,17421,110.8833
296,1,1,"Thayer, Mrs. John Borland (Marian Longstreth Morris)",Mujer,17421,110.8833
297,1,1,"Thorne, Mrs. Gertrude Maybelle",Mujer,PC 17585,79.2
298,1,1,"Tucker, Mr. Gilbert Milligan Jr",Hombre,2543,28.5375
299,1,0,"Uruchurtu, Don. Manuel E",Hombre,PC 17601,27.7208
300,1,0,"Van der hoef, Mr. Wyckoff",Hombre,111240,33.5
301,1,0,"Walker, Mr. William Anderson",Hombre,36967,34.0208
302,1,1,"Ward, Miss. Anna",Mujer,PC 17755,512.3292
303,1,0,"Warren, Mr. Frank Manley",Hombre,110813,75.25
304,1,1,"Warren, Mrs. Frank Manley (Anna Sophia Atkinson)",Mujer,110813,75.25
305,1,0,"Weir, Col. John",Hombre,113800,26.55
306,1,0,"White, Mr. Percival Wayland",Hombre,35281,77.2875
307,1,0,"White, Mr. Richard Frasar",Hombre,35281,77.2875
308,1,1,"White, Mrs. John Stuart (Ella Holmes)",Mujer,PC 17760,135.6333
309,1,1,"Wick, Miss. Mary Natalie",Mujer,36928,164.8667
310,1,0,"Wick, Mr. George Dennick",Hombre,36928,164.8667
311,1,1,"Wick, Mrs. George Dennick (Mary Hitchcock)",Mujer,36928,164.8667
312,1,0,"Widener, Mr. George Dunton",Hombre,113503,211.5
313,1,0,"Widener, Mr. Harry Elkins",Hombre,113503,211.5
314,1,1,"Widener, Mrs. George Dunton (Eleanor Elkins)",Mujer,113503,211.5
315,1,1,"Willard, Miss. Constance",Mujer,113795,26.55
316,1,0,"Williams, Mr. Charles Duane",Hombre,PC 17597,61.3792
317,1,1,"Williams, Mr. Richard Norris II",Hombre,PC 17597,61.3792
318,1,0,"Williams-Lambert, Mr. Fletcher Fellows",Hombre,113510,35.0
319,1,1,"Wilson, Miss. Helen Alice",Mujer,16966,134.5
320,1,1,"Woolner, Mr. Hugh",Hombre,19947,35.5
321,1,0,"Wright, Mr. George",Hombre,113807,26.55
322,1,1,"Young, Miss. Marie Grice",Mujer,PC 17760,135.6333
323,2,0,"Abelson, Mr. Samuel",Hombre,P/PP 3381,24.0
324,2,1,"Abelson, Mrs. Samuel (Hannah Wizosky)",Mujer,P/PP 3381,24.0
325,2,0,"Aldworth, Mr. Charles Augustus",Hombre,248744,13.0
326,2,0,"Andrew, Mr. Edgardo Samuel",Hombre,231945,11.5
327,2,0,"Andrew, Mr. Frank Thomas",Hombre,C.A. 34050,10.5
328,2,0,"Angle, Mr. William A",Hombre,226875,26.0
329,2,1,"Angle, Mrs. William A (Florence ""Mary"" Agnes Hughes)",Mujer,226875,26.0
330,2,0,"Ashby, Mr. John",Hombre,244346,13.0
331,2,0,"Bailey, Mr. Percy Andrew",Hombre,29108,11.5
332,2,0,"Baimbrigge, Mr. Charles Robert",Hombre,C.A. 31030,10.5
333,2,1,"Ball, Mrs. (Ada E Hall)",Mujer,28551,13.0
334,2,0,"Banfield, Mr. Frederick James",Hombre,C.A./SOTON 34068,10.5
335,2,0,"Bateman, Rev. Robert James",Hombre,S.O.P. 1166,12.525
336,2,1,"Beane, Mr. Edward",Hombre,2908,26.0
337,2,1,"Beane, Mrs. Edward (Ethel Clarke)",Mujer,2908,26.0
338,2,0,"Beauchamp, Mr. Henry James",Hombre,244358,26.0
339,2,1,"Becker, Master. Richard F",Hombre,230136,39.0
340,2,1,"Becker, Miss. Marion Louise",Mujer,230136,39.0
341,2,1,"Becker, Miss. Ruth Elizabeth",Mujer,230136,39.0
342,2,1,"Becker, Mrs. Allen Oliver (Nellie E Baumgardner)",Mujer,230136,39.0
343,2,1,"Beesley, Mr. Lawrence",Hombre,248698,13.0
344,2,1,"Bentham, Miss. Lilian W",Mujer,28404,13.0
345,2,0,"Berriman, Mr. William John",Hombre,28425,13.0
346,2,0,"Botsford, Mr. William Hull",Hombre,237670,13.0
347,2,0,"Bowenur, Mr. Solomon",Hombre,211535,13.0
348,2,0,"Bracken, Mr. James H",Hombre,220367,13.0
349,2,1,"Brown, Miss. Amelia ""Mildred""",Mujer,248733,13.0
350,2,1,"Brown, Miss. Edith Eileen",Mujer,29750,39.0
351,2,0,"Brown, Mr. Thomas William Solomon",Hombre,29750,39.0
352,2,1,"Brown, Mrs. Thomas William Solomon (Elizabeth Catherine Ford)",Mujer,29750,39.0
353,2,1,"Bryhl, Miss. Dagmar Jenny Ingeborg ",Mujer,236853,26.0
354,2,0,"Bryhl, Mr. Kurt Arnold Gottfrid",Hombre,236853,26.0
355,2,1,"Buss, Miss. Kate",Mujer,27849,13.0
356,2,0,"Butler, Mr. Reginald Fenton",Hombre,234686,13.0
357,2,0,"Byles, Rev. Thomas Roussel Davids",Hombre,244310,13.0
358,2,1,"Bystrom, Mrs. (Karolina)",Mujer,236852,13.0
359,2,1,"Caldwell, Master. Alden Gates",Hombre,248738,29.0
360,2,1,"Caldwell, Mr. Albert Francis",Hombre,248738,29.0
361,2,1,"Caldwell, Mrs. Albert Francis (Sylvia Mae Harbaugh)",Mujer,248738,29.0
362,2,1,"Cameron, Miss. Clear Annie",Mujer,F.C.C. 13528,21.0
363,2,0,"Campbell, Mr. William",Hombre,239853,0.0
364,2,0,"Carbines, Mr. William",Hombre,28424,13.0
365,2,0,"Carter, Mrs. Ernest Courtenay (Lilian Hughes)",Mujer,244252,26.0
366,2,0,"Carter, Rev. Ernest Courtenay",Hombre,244252,26.0
367,2,0,"Chapman, Mr. Charles Henry",Hombre,248731,13.5
368,2,0,"Chapman, Mr. John Henry",Hombre,SC/AH 29037,26.0
369,2,0,"Chapman, Mrs. John Henry (Sara Elizabeth Lawry)",Mujer,SC/AH 29037,26.0
370,2,1,"Christy, Miss. Julie Rachel",Mujer,237789,30.0
371,2,1,"Christy, Mrs. (Alice Frances)",Mujer,237789,30.0
372,2,0,"Clarke, Mr. Charles Valentine",Hombre,2003,26.0
373,2,1,"Clarke, Mrs. Charles V (Ada Maria Winfield)",Mujer,2003,26.0
374,2,0,"Coleridge, Mr. Reginald Charles",Hombre,W./C. 14263,10.5
375,2,0,"Collander, Mr. Erik Gustaf",Hombre,248740,13.0
376,2,1,"Collett, Mr. Sidney C Stuart",Hombre,28034,10.5
377,2,1,"Collyer, Miss. Marjorie ""Lottie""",Mujer,C.A. 31921,26.25
378,2,0,"Collyer, Mr. Harvey",Hombre,C.A. 31921,26.25
379,2,1,"Collyer, Mrs. Harvey (Charlotte Annie Tate)",Mujer,C.A. 31921,26.25
380,2,1,"Cook, Mrs. (Selena Rogers)",Mujer,W./C. 14266,10.5
381,2,0,"Corbett, Mrs. Walter H (Irene Colvin)",Mujer,237249,13.0
382,2,0,"Corey, Mrs. Percy C (Mary Phyllis Elizabeth Miller)",Mujer,F.C.C. 13534,21.0
383,2,0,"Cotterill, Mr. Henry ""Harry""",Hombre,29107,11.5
384,2,0,"Cunningham, Mr. Alfred Fleming",Hombre,239853,0.0
385,2,1,"Davies, Master. John Morgan Jr",Hombre,C.A. 33112,36.75
386,2,0,"Davies, Mr. Charles Henry",Hombre,S.O.C. 14879,73.5
387,2,1,"Davies, Mrs. John Morgan (Elizabeth Agnes Mary White) ",Mujer,C.A. 33112,36.75
388,2,1,"Davis, Miss. Mary",Mujer,237668,13.0
389,2,0,"de Brito, Mr. Jose Joaquim",Hombre,244360,13.0
390,2,0,"Deacon, Mr. Percy William",Hombre,S.O.C. 14879,73.5
391,2,0,"del Carlo, Mr. Sebastiano",Hombre,SC/PARIS 2167,27.7208
392,2,1,"del Carlo, Mrs. Sebastiano (Argenia Genovesi)",Mujer,SC/PARIS 2167,27.7208
393,2,0,"Denbury, Mr. Herbert",Hombre,C.A. 31029,31.5
394,2,0,"Dibden, Mr. William",Hombre,S.O.C. 14879,73.5
395,2,1,"Doling, Miss. Elsie",Mujer,231919,23.0
396,2,1,"Doling, Mrs. John T (Ada Julia Bone)",Mujer,231919,23.0
397,2,0,"Downton, Mr. William James",Hombre,28403,26.0
398,2,1,"Drew, Master. Marshall Brines",Hombre,28220,32.5
399,2,0,"Drew, Mr. James Vivian",Hombre,28220,32.5
400,2,1,"Drew, Mrs. James Vivian (Lulu Thorne Christian)",Mujer,28220,32.5
401,2,1,"Duran y More, Miss. Asuncion",Mujer,SC/PARIS 2149,13.8583
402,2,1,"Duran y More, Miss. Florentina",Mujer,SC/PARIS 2148,13.8583
403,2,0,"Eitemiller, Mr. George Floyd",Hombre,29751,13.0
404,2,0,"Enander, Mr. Ingvar",Hombre,236854,13.0
405,2,0,"Fahlstrom, Mr. Arne Jonas",Hombre,236171,13.0
406,2,0,"Faunthorpe, Mr. Harry",Hombre,2926,26.0
407,2,1,"Faunthorpe, Mrs. Lizzie (Elizabeth Anne Wilkinson)",Mujer,2926,26.0
408,2,0,"Fillbrook, Mr. Joseph Charles",Hombre,C.A. 15185,10.5
409,2,0,"Fox, Mr. Stanley Hubert",Hombre,229236,13.0
410,2,0,"Frost, Mr. Anthony Wood ""Archie""",Hombre,239854,0.0
411,2,0,"Funk, Miss. Annie Clemmer",Mujer,237671,13.0
412,2,0,"Fynney, Mr. Joseph J",Hombre,239865,26.0
413,2,0,"Gale, Mr. Harry",Hombre,28664,21.0
414,2,0,"Gale, Mr. Shadrach",Hombre,28664,21.0
415,2,1,"Garside, Miss. Ethel",Mujer,243880,13.0
416,2,0,"Gaskell, Mr. Alfred",Hombre,239865,26.0
417,2,0,"Gavey, Mr. Lawrence",Hombre,31028,10.5
418,2,0,"Gilbert, Mr. William",Hombre,C.A. 30769,10.5
419,2,0,"Giles, Mr. Edgar",Hombre,28133,11.5
420,2,0,"Giles, Mr. Frederick Edward",Hombre,28134,11.5
421,2,0,"Giles, Mr. Ralph",Hombre,248726,13.5
422,2,0,"Gill, Mr. John William",Hombre,233866,13.0
423,2,0,"Gillespie, Mr. William Henry",Hombre,12233,13.0
424,2,0,"Givard, Mr. Hans Kristensen",Hombre,250646,13.0
425,2,0,"Greenberg, Mr. Samuel",Hombre,250647,13.0
426,2,0,"Hale, Mr. Reginald",Hombre,250653,13.0
427,2,1,"Hamalainen, Master. Viljo",Hombre,250649,14.5
428,2,1,"Hamalainen, Mrs. William (Anna)",Mujer,250649,14.5
429,2,0,"Harbeck, Mr. William H",Hombre,248746,13.0
430,2,1,"Harper, Miss. Annie Jessie ""Nina""",Mujer,248727,33.0
431,2,0,"Harper, Rev. John",Hombre,248727,33.0
432,2,1,"Harris, Mr. George",Hombre,S.W./PP 752,10.5
433,2,0,"Harris, Mr. Walter",Hombre,W/C 14208,10.5
434,2,1,"Hart, Miss. Eva Miriam",Mujer,F.C.C. 13529,26.25
435,2,0,"Hart, Mr. Benjamin",Hombre,F.C.C. 13529,26.25
436,2,1,"Hart, Mrs. Benjamin (Esther Ada Bloomfield)",Mujer,F.C.C. 13529,26.25
437,2,1,"Herman, Miss. Alice",Mujer,220845,65.0
438,2,1,"Herman, Miss. Kate",Mujer,220845,65.0
439,2,0,"Herman, Mr. Samuel",Hombre,220845,65.0
440,2,1,"Herman, Mrs. Samuel (Jane Laver)",Mujer,220845,65.0
441,2,1,"Hewlett, Mrs. (Mary D Kingcome) ",Mujer,248706,16.0
442,2,0,"Hickman, Mr. Leonard Mark",Hombre,S.O.C. 14879,73.5
443,2,0,"Hickman, Mr. Lewis",Hombre,S.O.C. 14879,73.5
444,2,0,"Hickman, Mr. Stanley George",Hombre,S.O.C. 14879,73.5
445,2,0,"Hiltunen, Miss. Marta",Mujer,250650,13.0
446,2,1,"Hocking, Miss. Ellen ""Nellie""",Mujer,29105,23.0
447,2,0,"Hocking, Mr. Richard George",Hombre,29104,11.5
448,2,0,"Hocking, Mr. Samuel James Metcalfe",Hombre,242963,13.0
449,2,1,"Hocking, Mrs. Elizabeth (Eliza Needs)",Mujer,29105,23.0
450,2,0,"Hodges, Mr. Henry Price",Hombre,250643,13.0
451,2,0,"Hold, Mr. Stephen",Hombre,26707,26.0
452,2,1,"Hold, Mrs. Stephen (Annie Margaret Hill)",Mujer,26707,26.0
453,2,0,"Hood, Mr. Ambrose Jr",Hombre,S.O.C. 14879,73.5
454,2,1,"Hosono, Mr. Masabumi",Hombre,237798,13.0
455,2,0,"Howard, Mr. Benjamin",Hombre,24065,26.0
456,2,0,"Howard, Mrs. Benjamin (Ellen Truelove Arman)",Mujer,24065,26.0
457,2,0,"Hunt, Mr. George Henry",Hombre,SCO/W 1585,12.275
458,2,1,"Ilett, Miss. Bertha",Mujer,SO/C 14885,10.5
459,2,0,"Jacobsohn, Mr. Sidney Samuel",Hombre,243847,27.0
460,2,1,"Jacobsohn, Mrs. Sidney Samuel (Amy Frances Christy)",Mujer,243847,27.0
461,2,0,"Jarvis, Mr. John Denzil",Hombre,237565,15.0
462,2,0,"Jefferys, Mr. Clifford Thomas",Hombre,C.A. 31029,31.5
463,2,0,"Jefferys, Mr. Ernest Wilfred",Hombre,C.A. 31029,31.5
464,2,0,"Jenkin, Mr. Stephen Curnow",Hombre,C.A. 33111,10.5
465,2,1,"Jerwan, Mrs. Amin S (Marie Marthe Thuillard)",Mujer,SC/AH Basle 541,13.7917
466,2,0,"Kantor, Mr. Sinai",Hombre,244367,26.0
467,2,1,"Kantor, Mrs. Sinai (Miriam Sternin)",Mujer,244367,26.0
468,2,0,"Karnes, Mrs. J Frank (Claire Bennett)",Mujer,F.C.C. 13534,21.0
469,2,1,"Keane, Miss. Nora A",Mujer,226593,12.35
470,2,0,"Keane, Mr. Daniel",Hombre,233734,12.35
471,2,1,"Kelly, Mrs. Florence ""Fannie""",Mujer,223596,13.5
472,2,0,"Kirkland, Rev. Charles Leonard",Hombre,219533,12.35
473,2,0,"Knight, Mr. Robert J",Hombre,239855,0.0
474,2,0,"Kvillner, Mr. Johan Henrik Johannesson",Hombre,C.A. 18723,10.5
475,2,0,"Lahtinen, Mrs. William (Anna Sylfven)",Mujer,250651,26.0
476,2,0,"Lahtinen, Rev. William",Hombre,250651,26.0
477,2,0,"Lamb, Mr. John Joseph",Hombre,240261,10.7083
478,2,1,"Laroche, Miss. Louise",Mujer,SC/Paris 2123,41.5792
479,2,1,"Laroche, Miss. Simonne Marie Anne Andree",Mujer,SC/Paris 2123,41.5792
480,2,0,"Laroche, Mr. Joseph Philippe Lemercier",Hombre,SC/Paris 2123,41.5792
481,2,1,"Laroche, Mrs. Joseph (Juliette Marie Louise Lafargue)",Mujer,SC/Paris 2123,41.5792
482,2,1,"Lehmann, Miss. Bertha",Mujer,SC 1748,12.0
483,2,1,"Leitch, Miss. Jessie Wills",Mujer,248727,33.0
484,2,1,"Lemore, Mrs. (Amelia Milley)",Mujer,C.A. 34260,10.5
485,2,0,"Levy, Mr. Rene Jacques",Hombre,SC/Paris 2163,12.875
486,2,0,"Leyson, Mr. Robert William Norman",Hombre,C.A. 29566,10.5
487,2,0,"Lingane, Mr. John",Hombre,235509,12.35
488,2,0,"Louch, Mr. Charles Alexander",Hombre,SC/AH 3085,26.0
489,2,1,"Louch, Mrs. Charles Alexander (Alice Adelaide Slow)",Mujer,SC/AH 3085,26.0
490,2,0,"Mack, Mrs. (Mary)",Mujer,S.O./P.P. 3,10.5
491,2,0,"Malachard, Mr. Noel",Hombre,237735,15.0458
492,2,1,"Mallet, Master. Andre",Hombre,S.C./PARIS 2079,37.0042
493,2,0,"Mallet, Mr. Albert",Hombre,S.C./PARIS 2079,37.0042
494,2,1,"Mallet, Mrs. Albert (Antoinette Magnin)",Mujer,S.C./PARIS 2079,37.0042
495,2,0,"Mangiavacchi, Mr. Serafino Emilio",Hombre,SC/A.3 2861,15.5792
496,2,0,"Matthews, Mr. William John",Hombre,28228,13.0
497,2,0,"Maybery, Mr. Frank Hubert",Hombre,239059,16.0
498,2,0,"McCrae, Mr. Arthur Gordon",Hombre,237216,13.5
499,2,0,"McCrie, Mr. James Matthew",Hombre,233478,13.0
500,2,0,"McKane, Mr. Peter David",Hombre,28403,26.0
501,2,1,"Mellinger, Miss. Madeleine Violet",Mujer,250644,19.5
502,2,1,"Mellinger, Mrs. (Elizabeth Anne Maidment)",Mujer,250644,19.5
503,2,1,"Mellors, Mr. William John",Hombre,SW/PP 751,10.5
504,2,0,"Meyer, Mr. August",Hombre,248723,13.0
505,2,0,"Milling, Mr. Jacob Christian",Hombre,234360,13.0
506,2,0,"Mitchell, Mr. Henry Michael",Hombre,C.A. 24580,10.5
507,2,0,"Montvila, Rev. Juozas",Hombre,211536,13.0
508,2,0,"Moraweck, Dr. Ernest",Hombre,29011,14.0
509,2,0,"Morley, Mr. Henry Samuel (""Mr Henry Marshall"")",Hombre,250655,26.0
510,2,0,"Mudd, Mr. Thomas Charles",Hombre,S.O./P.P. 3,10.5
511,2,0,"Myles, Mr. Thomas Francis",Hombre,240276,9.6875
512,2,0,"Nasser, Mr. Nicholas",Hombre,237736,30.0708
513,2,1,"Nasser, Mrs. Nicholas (Adele Achem)",Mujer,237736,30.0708
514,2,1,"Navratil, Master. Edmond Roger",Hombre,230080,26.0
515,2,1,"Navratil, Master. Michel M",Hombre,230080,26.0
516,2,0,"Navratil, Mr. Michel (""Louis M Hoffman"")",Hombre,230080,26.0
517,2,0,"Nesson, Mr. Israel",Hombre,244368,13.0
518,2,0,"Nicholls, Mr. Joseph Charles",Hombre,C.A. 33112,36.75
519,2,0,"Norman, Mr. Robert Douglas",Hombre,218629,13.5
520,2,1,"Nourney, Mr. Alfred (""Baron von Drachstedt"")",Hombre,SC/PARIS 2166,13.8625
521,2,1,"Nye, Mrs. (Elizabeth Ramell)",Mujer,C.A. 29395,10.5
522,2,0,"Otter, Mr. Richard",Hombre,28213,13.0
523,2,1,"Oxenham, Mr. Percy Thomas",Hombre,W./C. 14260,10.5
524,2,1,"Padro y Manent, Mr. Julian",Hombre,SC/PARIS 2146,13.8625
525,2,0,"Pain, Dr. Alfred",Hombre,244278,10.5
526,2,1,"Pallas y Castello, Mr. Emilio",Hombre,SC/PARIS 2147,13.8583
527,2,0,"Parker, Mr. Clifford Richard",Hombre,SC 14888,10.5
528,2,0,"Parkes, Mr. Francis ""Frank""",Hombre,239853,0.0
529,2,1,"Parrish, Mrs. (Lutie Davis)",Mujer,230433,26.0
530,2,0,"Pengelly, Mr. Frederick William",Hombre,28665,10.5
531,2,0,"Pernot, Mr. Rene",Hombre,SC/PARIS 2131,15.05
532,2,0,"Peruschitz, Rev. Joseph Maria",Hombre,237393,13.0
533,2,1,"Phillips, Miss. Alice Frances Louisa",Mujer,S.O./P.P. 2,21.0
534,2,1,"Phillips, Miss. Kate Florence (""Mrs Kate Louise Phillips Marshall"")",Mujer,250655,26.0
535,2,0,"Phillips, Mr. Escott Robert",Hombre,S.O./P.P. 2,21.0
536,2,1,"Pinsky, Mrs. (Rosa)",Mujer,234604,13.0
537,2,0,"Ponesell, Mr. Martin",Hombre,250647,13.0
538,2,1,"Portaluppi, Mr. Emilio Ilario Giuseppe",Hombre,C.A. 34644,12.7375
539,2,0,"Pulbaum, Mr. Franz",Hombre,SC/PARIS 2168,15.0333
540,2,1,"Quick, Miss. Phyllis May",Mujer,26360,26.0
541,2,1,"Quick, Miss. Winifred Vera",Mujer,26360,26.0
542,2,1,"Quick, Mrs. Frederick Charles (Jane Richards)",Mujer,26360,26.0
543,2,0,"Reeves, Mr. David",Hombre,C.A. 17248,10.5
544,2,0,"Renouf, Mr. Peter Henry",Hombre,31027,21.0
545,2,1,"Renouf, Mrs. Peter Henry (Lillian Jefferys)",Mujer,31027,21.0
546,2,1,"Reynaldo, Ms. Encarnacion",Mujer,230434,13.0
547,2,0,"Richard, Mr. Emile",Hombre,SC/PARIS 2133,15.0458
548,2,1,"Richards, Master. George Sibley",Hombre,29106,18.75
549,2,1,"Richards, Master. William Rowe",Hombre,29106,18.75
550,2,1,"Richards, Mrs. Sidney (Emily Hocking)",Mujer,29106,18.75
551,2,1,"Ridsdale, Miss. Lucy",Mujer,W./C. 14258,10.5
552,2,0,"Rogers, Mr. Reginald Harry",Hombre,28004,10.5
553,2,1,"Rugg, Miss. Emily",Mujer,C.A. 31026,10.5
554,2,0,"Schmidt, Mr. August",Hombre,248659,13.0
555,2,0,"Sedgwick, Mr. Charles Frederick Waddington",Hombre,244361,13.0
556,2,0,"Sharp, Mr. Percival James R",Hombre,244358,26.0
557,2,1,"Shelley, Mrs. William (Imanita Parrish Hall)",Mujer,230433,26.0
558,2,1,"Silven, Miss. Lyyli Karoliina",Mujer,250652,13.0
559,2,1,"Sincock, Miss. Maude",Mujer,C.A. 33112,36.75
560,2,1,"Sinkkonen, Miss. Anna",Mujer,250648,13.0
561,2,0,"Sjostedt, Mr. Ernst Adolf",Hombre,237442,13.5
562,2,1,"Slayter, Miss. Hilda Mary",Mujer,234818,12.35
563,2,0,"Slemen, Mr. Richard James",Hombre,28206,10.5
564,2,1,"Smith, Miss. Marion Elsie",Mujer,31418,13.0
565,2,0,"Sobey, Mr. Samuel James Hayden",Hombre,C.A. 29178,13.0
566,2,0,"Stanton, Mr. Samuel Ward",Hombre,237734,15.0458
567,2,0,"Stokes, Mr. Philip Joseph",Hombre,F.C.C. 13540,10.5
568,2,0,"Swane, Mr. George",Hombre,248734,13.0
569,2,0,"Sweet, Mr. George Frederick",Hombre,220845,65.0
570,2,1,"Toomey, Miss. Ellen",Mujer,F.C.C. 13531,10.5
571,2,0,"Troupiansky, Mr. Moses Aaron",Hombre,233639,13.0
572,2,1,"Trout, Mrs. William H (Jessie L)",Mujer,240929,12.65
573,2,1,"Troutt, Miss. Edwina Celia ""Winnie""",Mujer,34218,10.5
574,2,0,"Turpin, Mr. William John Robert",Hombre,11668,21.0
575,2,0,"Turpin, Mrs. William John Robert (Dorothy Ann Wonnacott)",Mujer,11668,21.0
576,2,0,"Veal, Mr. James",Hombre,28221,13.0
577,2,1,"Walcroft, Miss. Nellie",Mujer,F.C.C. 13528,21.0
578,2,0,"Ware, Mr. John James",Hombre,CA 31352,21.0
579,2,0,"Ware, Mr. William Jeffery",Hombre,28666,10.5
580,2,1,"Ware, Mrs. John James (Florence Louise Long)",Mujer,CA 31352,21.0
581,2,0,"Watson, Mr. Ennis Hastings",Hombre,239856,0.0
582,2,1,"Watt, Miss. Bertha J",Mujer,C.A. 33595,15.75
583,2,1,"Watt, Mrs. James (Elizabeth ""Bessie"" Inglis Milne)",Mujer,C.A. 33595,15.75
584,2,1,"Webber, Miss. Susan",Mujer,27267,13.0
585,2,0,"Weisz, Mr. Leopold",Hombre,228414,26.0
586,2,1,"Weisz, Mrs. Leopold (Mathilde Francoise Pede)",Mujer,228414,26.0
587,2,1,"Wells, Master. Ralph Lester",Hombre,29103,23.0
588,2,1,"Wells, Miss. Joan",Mujer,29103,23.0
589,2,1,"Wells, Mrs. Arthur Henry (""Addie"" Dart Trevaskis)",Mujer,29103,23.0
590,2,1,"West, Miss. Barbara J",Mujer,C.A. 34651,27.75
591,2,1,"West, Miss. Constance Mirium",Mujer,C.A. 34651,27.75
592,2,0,"West, Mr. Edwy Arthur",Hombre,C.A. 34651,27.75
593,2,1,"West, Mrs. Edwy Arthur (Ada Mary Worth)",Mujer,C.A. 34651,27.75
594,2,0,"Wheadon, Mr. Edward H",Hombre,C.A. 24579,10.5
595,2,0,"Wheeler, Mr. Edwin ""Frederick""",Hombre,SC/PARIS 2159,12.875
596,2,1,"Wilhelms, Mr. Charles",Hombre,244270,13.0
597,2,1,"Williams, Mr. Charles Eugene",Hombre,244373,13.0
598,2,1,"Wright, Miss. Marion",Mujer,220844,13.5
599,2,0,"Yrois, Miss. Henriette (""Mrs Harbeck"")",Mujer,248747,13.0
600,3,0,"Abbing, Mr. Anthony",Hombre,C.A. 5547,7.55
601,3,0,"Abbott, Master. Eugene Joseph",Hombre,C.A. 2673,20.25
602,3,0,"Abbott, Mr. Rossmore Edward",Hombre,C.A. 2673,20.25
603,3,1,"Abbott, Mrs. Stanton (Rosa Hunt)",Mujer,C.A. 2673,20.25
604,3,1,"Abelseth, Miss. Karen Marie",Mujer,348125,7.65
605,3,1,"Abelseth, Mr. Olaus Jorgensen",Hombre,348122,7.65
606,3,1,"Abrahamsson, Mr. Abraham August Johannes",Hombre,SOTON/O2 3101284,7.925
607,3,1,"Abrahim, Mrs. Joseph (Sophie Halaut Easu)",Mujer,2657,7.2292
608,3,0,"Adahl, Mr. Mauritz Nils Martin",Hombre,C 7076,7.25
609,3,0,"Adams, Mr. John",Hombre,341826,8.05
610,3,0,"Ahlin, Mrs. Johan (Johanna Persdotter Larsson)",Mujer,7546,9.475
611,3,1,"Aks, Master. Philip Frank",Hombre,392091,9.35
612,3,1,"Aks, Mrs. Sam (Leah Rosen)",Mujer,392091,9.35
613,3,1,"Albimona, Mr. Nassef Cassem",Hombre,2699,18.7875
614,3,0,"Alexander, Mr. William",Hombre,3474,7.8875
615,3,0,"Alhomaki, Mr. Ilmari Rudolf",Hombre,SOTON/O2 3101287,7.925
616,3,0,"Ali, Mr. Ahmed",Hombre,SOTON/O.Q. 3101311,7.05
617,3,0,"Ali, Mr. William",Hombre,SOTON/O.Q. 3101312,7.05
618,3,0,"Allen, Mr. William Henry",Hombre,373450,8.05
619,3,0,"Allum, Mr. Owen George",Hombre,2223,8.3
620,3,0,"Andersen, Mr. Albert Karvin",Hombre,C 4001,22.525
621,3,1,"Andersen-Jensen, Miss. Carla Christine Nielsine",Mujer,350046,7.8542
622,3,0,"Andersson, Master. Sigvard Harald Elias",Hombre,347082,31.275
623,3,0,"Andersson, Miss. Ebba Iris Alfrida",Mujer,347082,31.275
624,3,0,"Andersson, Miss. Ellis Anna Maria",Mujer,347082,31.275
625,3,1,"Andersson, Miss. Erna Alexandra",Mujer,3101281,7.925
626,3,0,"Andersson, Miss. Ida Augusta Margareta",Mujer,347091,7.775
627,3,0,"Andersson, Miss. Ingeborg Constanzia",Mujer,347082,31.275
628,3,0,"Andersson, Miss. Sigrid Elisabeth",Mujer,347082,31.275
629,3,0,"Andersson, Mr. Anders Johan",Hombre,347082,31.275
630,3,1,"Andersson, Mr. August Edvard (""Wennerstrom"")",Hombre,350043,7.7958
631,3,0,"Andersson, Mr. Johan Samuel",Hombre,347075,7.775
632,3,0,"Andersson, Mrs. Anders Johan (Alfrida Konstantia Brogren)",Mujer,347082,31.275
633,3,0,"Andreasson, Mr. Paul Edvin",Hombre,347466,7.8542
634,3,0,"Angheloff, Mr. Minko",Hombre,349202,7.8958
635,3,0,"Arnold-Franchi, Mr. Josef",Hombre,349237,17.8
636,3,0,"Arnold-Franchi, Mrs. Josef (Josefine Franchi)",Mujer,349237,17.8
637,3,0,"Aronsson, Mr. Ernst Axel Algot",Hombre,349911,7.775
638,3,0,"Asim, Mr. Adola",Hombre,SOTON/O.Q. 3101310,7.05
639,3,0,"Asplund, Master. Carl Edgar",Hombre,347077,31.3875
640,3,0,"Asplund, Master. Clarence Gustaf Hugo",Hombre,347077,31.3875
641,3,1,"Asplund, Master. Edvin Rojj Felix",Hombre,347077,31.3875
642,3,0,"Asplund, Master. Filip Oscar",Hombre,347077,31.3875
643,3,1,"Asplund, Miss. Lillian Gertrud",Mujer,347077,31.3875
644,3,0,"Asplund, Mr. Carl Oscar Vilhelm Gustafsson",Hombre,347077,31.3875
645,3,1,"Asplund, Mr. Johan Charles",Hombre,350054,7.7958
646,3,1,"Asplund, Mrs. Carl Oscar (Selma Augusta Emilia Johansson)",Mujer,347077,31.3875
647,3,1,"Assaf Khalil, Mrs. Mariana (""Miriam"")",Mujer,2696,7.225
648,3,0,"Assaf, Mr. Gerios",Hombre,2692,7.225
649,3,0,"Assam, Mr. Ali",Hombre,SOTON/O.Q. 3101309,7.05
650,3,0,"Attalah, Miss. Malake",Mujer,2627,14.4583
651,3,0,"Attalah, Mr. Sleiman",Hombre,2694,7.225
652,3,0,"Augustsson, Mr. Albert",Hombre,347468,7.8542
653,3,1,"Ayoub, Miss. Banoura",Mujer,2687,7.2292
654,3,0,"Baccos, Mr. Raffull",Hombre,2679,7.225
655,3,0,"Backstrom, Mr. Karl Alfred",Hombre,3101278,15.85
656,3,1,"Backstrom, Mrs. Karl Alfred (Maria Mathilda Gustafsson)",Mujer,3101278,15.85
657,3,1,"Baclini, Miss. Eugenie",Mujer,2666,19.2583
658,3,1,"Baclini, Miss. Helene Barbara",Mujer,2666,19.2583
659,3,1,"Baclini, Miss. Marie Catherine",Mujer,2666,19.2583
660,3,1,"Baclini, Mrs. Solomon (Latifa Qurban)",Mujer,2666,19.2583
661,3,1,"Badman, Miss. Emily Louisa",Mujer,A/4 31416,8.05
662,3,0,"Badt, Mr. Mohamed",Hombre,2623,7.225
663,3,0,"Balkic, Mr. Cerin",Hombre,349248,7.8958
664,3,1,"Barah, Mr. Hanna Assi",Hombre,2663,7.2292
665,3,0,"Barbara, Miss. Saiide",Mujer,2691,14.4542
666,3,0,"Barbara, Mrs. (Catherine David)",Mujer,2691,14.4542
667,3,0,"Barry, Miss. Julia",Mujer,330844,7.8792
668,3,0,"Barton, Mr. David John",Hombre,324669,8.05
669,3,0,"Beavan, Mr. William Thomas",Hombre,323951,8.05
670,3,0,"Bengtsson, Mr. John Viktor",Hombre,347068,7.775
671,3,0,"Berglund, Mr. Karl Ivar Sven",Hombre,PP 4348,9.35
672,3,0,"Betros, Master. Seman",Hombre,2622,7.2292
673,3,0,"Betros, Mr. Tannous",Hombre,2648,4.0125
674,3,1,"Bing, Mr. Lee",Hombre,1601,56.4958
675,3,0,"Birkeland, Mr. Hans Martin Monsen",Hombre,312992,7.775
676,3,0,"Bjorklund, Mr. Ernst Herbert",Hombre,347090,7.75
677,3,0,"Bostandyeff, Mr. Guentcho",Hombre,349224,7.8958
678,3,0,"Boulos, Master. Akar",Hombre,2678,15.2458
679,3,0,"Boulos, Miss. Nourelain",Mujer,2678,15.2458
680,3,0,"Boulos, Mr. Hanna",Hombre,2664,7.225
681,3,0,"Boulos, Mrs. Joseph (Sultana)",Mujer,2678,15.2458
682,3,0,"Bourke, Miss. Mary",Mujer,364848,7.75
683,3,0,"Bourke, Mr. John",Hombre,364849,15.5
684,3,0,"Bourke, Mrs. John (Catherine)",Mujer,364849,15.5
685,3,0,"Bowen, Mr. David John ""Dai""",Hombre,54636,16.1
686,3,1,"Bradley, Miss. Bridget Delia",Mujer,334914,7.725
687,3,0,"Braf, Miss. Elin Ester Maria",Mujer,347471,7.8542
688,3,0,"Braund, Mr. Lewis Richard",Hombre,3460,7.0458
689,3,0,"Braund, Mr. Owen Harris",Hombre,A/5 21171,7.25
690,3,0,"Brobeck, Mr. Karl Rudolf",Hombre,350045,7.7958
691,3,0,"Brocklebank, Mr. William Alfred",Hombre,364512,8.05
692,3,0,"Buckley, Miss. Katherine",Mujer,329944,7.2833
693,3,1,"Buckley, Mr. Daniel",Hombre,330920,7.8208
694,3,0,"Burke, Mr. Jeremiah",Hombre,365222,6.75
695,3,0,"Burns, Miss. Mary Delia",Mujer,330963,7.8792
696,3,0,"Cacic, Miss. Manda",Mujer,315087,8.6625
697,3,0,"Cacic, Miss. Marija",Mujer,315084,8.6625
698,3,0,"Cacic, Mr. Jego Grga",Hombre,315091,8.6625
699,3,0,"Cacic, Mr. Luka",Hombre,315089,8.6625
700,3,0,"Calic, Mr. Jovo",Hombre,315093,8.6625
701,3,0,"Calic, Mr. Petar",Hombre,315086,8.6625
702,3,0,"Canavan, Miss. Mary",Mujer,364846,7.75
703,3,0,"Canavan, Mr. Patrick",Hombre,364858,7.75
704,3,0,"Cann, Mr. Ernest Charles",Hombre,A./5. 2152,8.05
705,3,0,"Caram, Mr. Joseph",Hombre,2689,14.4583
706,3,0,"Caram, Mrs. Joseph (Maria Elias)",Mujer,2689,14.4583
707,3,0,"Carlsson, Mr. August Sigfrid",Hombre,350042,7.7958
708,3,0,"Carlsson, Mr. Carl Robert",Hombre,350409,7.8542
709,3,1,"Carr, Miss. Helen ""Ellen""",Mujer,367231,7.75
710,3,0,"Carr, Miss. Jeannie",Mujer,368364,7.75
711,3,0,"Carver, Mr. Alfred John",Hombre,392095,7.25
712,3,0,"Celotti, Mr. Francesco",Hombre,343275,8.05
713,3,0,"Charters, Mr. David",Hombre,A/5. 13032,7.7333
714,3,1,"Chip, Mr. Chang",Hombre,1601,56.4958
715,3,0,"Christmann, Mr. Emil",Hombre,343276,8.05
716,3,0,"Chronopoulos, Mr. Apostolos",Hombre,2680,14.4542
717,3,0,"Chronopoulos, Mr. Demetrios",Hombre,2680,14.4542
718,3,0,"Coelho, Mr. Domingos Fernandeo",Hombre,SOTON/O.Q. 3101307,7.05
719,3,1,"Cohen, Mr. Gurshon ""Gus""",Hombre,A/5 3540,8.05
720,3,0,"Colbert, Mr. Patrick",Hombre,371109,7.25
721,3,0,"Coleff, Mr. Peju",Hombre,349210,7.4958
722,3,0,"Coleff, Mr. Satio",Hombre,349209,7.4958
723,3,0,"Conlon, Mr. Thomas Henry",Hombre,21332,7.7333
724,3,0,"Connaghton, Mr. Michael",Hombre,335097,7.75
725,3,1,"Connolly, Miss. Kate",Mujer,370373,7.75
726,3,0,"Connolly, Miss. Kate",Mujer,330972,7.6292
727,3,0,"Connors, Mr. Patrick",Hombre,370369,7.75
728,3,0,"Cook, Mr. Jacob",Hombre,A/5 3536,8.05
729,3,0,"Cor, Mr. Bartol",Hombre,349230,7.8958
730,3,0,"Cor, Mr. Ivan",Hombre,349229,7.8958
731,3,0,"Cor, Mr. Liudevit",Hombre,349231,7.8958
732,3,0,"Corn, Mr. Harry",Hombre,SOTON/OQ 392090,8.05
733,3,1,"Coutts, Master. Eden Leslie ""Neville""",Hombre,C.A. 37671,15.9
734,3,1,"Coutts, Master. William Loch ""William""",Hombre,C.A. 37671,15.9
735,3,1,"Coutts, Mrs. William (Winnie ""Minnie"" Treanor)",Mujer,C.A. 37671,15.9
736,3,0,"Coxon, Mr. Daniel",Hombre,364500,7.25
737,3,0,"Crease, Mr. Ernest James",Hombre,S.P. 3464,8.1583
738,3,1,"Cribb, Miss. Laura Alice",Mujer,371362,16.1
739,3,0,"Cribb, Mr. John Hatfield",Hombre,371362,16.1
740,3,0,"Culumovic, Mr. Jeso",Hombre,315090,8.6625
741,3,0,"Daher, Mr. Shedid",Hombre,2698,7.225
742,3,1,"Dahl, Mr. Karl Edwart",Hombre,7598,8.05
743,3,0,"Dahlberg, Miss. Gerda Ulrika",Mujer,7552,10.5167
744,3,0,"Dakic, Mr. Branko",Hombre,349228,10.1708
745,3,1,"Daly, Miss. Margaret Marcella ""Maggie""",Mujer,382650,6.95
746,3,1,"Daly, Mr. Eugene Patrick",Hombre,382651,7.75
747,3,0,"Danbom, Master. Gilbert Sigvard Emanuel",Hombre,347080,14.4
748,3,0,"Danbom, Mr. Ernst Gilbert",Hombre,347080,14.4
749,3,0,"Danbom, Mrs. Ernst Gilbert (Anna Sigrid Maria Brogren)",Mujer,347080,14.4
750,3,0,"Danoff, Mr. Yoto",Hombre,349219,7.8958
751,3,0,"Dantcheff, Mr. Ristiu",Hombre,349203,7.8958
752,3,0,"Davies, Mr. Alfred J",Hombre,A/4 48871,24.15
753,3,0,"Davies, Mr. Evan",Hombre,SC/A4 23568,8.05
754,3,0,"Davies, Mr. John Samuel",Hombre,A/4 48871,24.15
755,3,0,"Davies, Mr. Joseph",Hombre,A/4 48873,8.05
756,3,0,"Davison, Mr. Thomas Henry",Hombre,386525,16.1
757,3,1,"Davison, Mrs. Thomas Henry (Mary E Finck)",Mujer,386525,16.1
758,3,1,"de Messemaeker, Mr. Guillaume Joseph",Hombre,345572,17.4
759,3,1,"de Messemaeker, Mrs. Guillaume Joseph (Emma)",Mujer,345572,17.4
760,3,1,"de Mulder, Mr. Theodore",Hombre,345774,9.5
761,3,0,"de Pelsmaeker, Mr. Alfons",Hombre,345778,9.5
762,3,1,"Dean, Master. Bertram Vere",Hombre,C.A. 2315,20.575
763,3,1,"Dean, Miss. Elizabeth Gladys ""Millvina""",Mujer,C.A. 2315,20.575
764,3,0,"Dean, Mr. Bertram Frank",Hombre,C.A. 2315,20.575
765,3,1,"Dean, Mrs. Bertram (Eva Georgetta Light)",Mujer,C.A. 2315,20.575
766,3,0,"Delalic, Mr. Redjo",Hombre,349250,7.8958
767,3,0,"Demetri, Mr. Marinko",Hombre,349238,7.8958
768,3,0,"Denkoff, Mr. Mitto",Hombre,349225,7.8958
769,3,0,"Dennis, Mr. Samuel",Hombre,A/5 21172,7.25
770,3,0,"Dennis, Mr. William",Hombre,A/5 21175,7.25
771,3,1,"Devaney, Miss. Margaret Delia",Mujer,330958,7.8792
772,3,0,"Dika, Mr. Mirko",Hombre,349232,7.8958
773,3,0,"Dimic, Mr. Jovan",Hombre,315088,8.6625
774,3,0,"Dintcheff, Mr. Valtcho",Hombre,349226,7.8958
775,3,0,"Doharr, Mr. Tannous",Hombre,2686,7.2292
776,3,0,"Dooley, Mr. Patrick",Hombre,370376,7.75
777,3,1,"Dorking, Mr. Edward Arthur",Hombre,A/5. 10482,8.05
778,3,1,"Dowdell, Miss. Elizabeth",Mujer,364516,12.475
779,3,0,"Doyle, Miss. Elizabeth",Mujer,368702,7.75
780,3,1,"Drapkin, Miss. Jennie",Mujer,SOTON/OQ 392083,8.05
781,3,0,"Drazenoic, Mr. Jozef",Hombre,349241,7.8958
782,3,0,"Duane, Mr. Frank",Hombre,336439,7.75
783,3,1,"Duquemin, Mr. Joseph",Hombre,S.O./P.P. 752,7.55
784,3,0,"Dyker, Mr. Adolf Fredrik",Hombre,347072,13.9
785,3,1,"Dyker, Mrs. Adolf Fredrik (Anna Elisabeth Judith Andersson)",Mujer,347072,13.9
786,3,0,"Edvardsson, Mr. Gustaf Hjalmar",Hombre,349912,7.775
787,3,0,"Eklund, Mr. Hans Linus",Hombre,347074,7.775
788,3,0,"Ekstrom, Mr. Johan",Hombre,347061,6.975
789,3,0,"Elias, Mr. Dibo",Hombre,2674,7.225
790,3,0,"Elias, Mr. Joseph",Hombre,2675,7.2292
791,3,0,"Elias, Mr. Joseph Jr",Hombre,2690,7.2292
792,3,0,"Elias, Mr. Tannous",Hombre,2695,7.2292
793,3,0,"Elsbury, Mr. William James",Hombre,A/5 3902,7.25
794,3,1,"Emanuel, Miss. Virginia Ethel",Mujer,364516,12.475
795,3,0,"Emir, Mr. Farred Chehab",Hombre,2631,7.225
796,3,0,"Everett, Mr. Thomas James",Hombre,C.A. 6212,15.1
797,3,0,"Farrell, Mr. James",Hombre,367232,7.75
798,3,1,"Finoli, Mr. Luigi",Hombre,SOTON/O.Q. 3101308,7.05
799,3,0,"Fischer, Mr. Eberhard Thelander",Hombre,350036,7.7958
800,3,0,"Fleming, Miss. Honora",Mujer,364859,7.75
801,3,0,"Flynn, Mr. James",Hombre,364851,7.75
802,3,0,"Flynn, Mr. John",Hombre,368323,6.95
803,3,0,"Foley, Mr. Joseph",Hombre,330910,7.8792
804,3,0,"Foley, Mr. William",Hombre,365235,7.75
805,3,1,"Foo, Mr. Choong",Hombre,1601,56.4958
806,3,0,"Ford, Miss. Doolina Margaret ""Daisy""",Mujer,W./C. 6608,34.375
807,3,0,"Ford, Miss. Robina Maggie ""Ruby""",Mujer,W./C. 6608,34.375
808,3,0,"Ford, Mr. Arthur",Hombre,A/5 1478,8.05
809,3,0,"Ford, Mr. Edward Watson",Hombre,W./C. 6608,34.375
810,3,0,"Ford, Mr. William Neal",Hombre,W./C. 6608,34.375
811,3,0,"Ford, Mrs. Edward (Margaret Ann Watson)",Mujer,W./C. 6608,34.375
812,3,0,"Fox, Mr. Patrick",Hombre,368573,7.75
813,3,0,"Franklin, Mr. Charles (Charles Fardon)",Hombre,SOTON/O.Q. 3101314,7.25
814,3,0,"Gallagher, Mr. Martin",Hombre,36864,7.7417
815,3,0,"Garfirth, Mr. John",Hombre,358585,14.5
816,3,0,"Gheorgheff, Mr. Stanio",Hombre,349254,7.8958
817,3,0,"Gilinski, Mr. Eliezer",Hombre,14973,8.05
818,3,1,"Gilnagh, Miss. Katherine ""Katie""",Mujer,35851,7.7333
819,3,1,"Glynn, Miss. Mary Agatha",Mujer,335677,7.75
820,3,1,"Goldsmith, Master. Frank John William ""Frankie""",Hombre,363291,20.525
821,3,0,"Goldsmith, Mr. Frank John",Hombre,363291,20.525
822,3,0,"Goldsmith, Mr. Nathan",Hombre,SOTON/O.Q. 3101263,7.85
823,3,1,"Goldsmith, Mrs. Frank John (Emily Alice Brown)",Mujer,363291,20.525
824,3,0,"Goncalves, Mr. Manuel Estanslas",Hombre,SOTON/O.Q. 3101306,7.05
825,3,0,"Goodwin, Master. Harold Victor",Hombre,CA 2144,46.9
826,3,0,"Goodwin, Master. Sidney Leonard",Hombre,CA 2144,46.9
827,3,0,"Goodwin, Master. William Frederick",Hombre,CA 2144,46.9
828,3,0,"Goodwin, Miss. Jessie Allis",Mujer,CA 2144,46.9
829,3,0,"Goodwin, Miss. Lillian Amy",Mujer,CA 2144,46.9
830,3,0,"Goodwin, Mr. Charles Edward",Hombre,CA 2144,46.9
831,3,0,"Goodwin, Mr. Charles Frederick",Hombre,CA 2144,46.9
832,3,0,"Goodwin, Mrs. Frederick (Augusta Tyler)",Mujer,CA 2144,46.9
833,3,0,"Green, Mr. George Henry",Hombre,21440,8.05
834,3,0,"Gronnestad, Mr. Daniel Danielsen",Hombre,8471,8.3625
835,3,0,"Guest, Mr. Robert",Hombre,376563,8.05
836,3,0,"Gustafsson, Mr. Alfred Ossian",Hombre,7534,9.8458
837,3,0,"Gustafsson, Mr. Anders Vilhelm",Hombre,3101276,7.925
838,3,0,"Gustafsson, Mr. Johan Birger",Hombre,3101277,7.925
839,3,0,"Gustafsson, Mr. Karl Gideon",Hombre,347069,7.775
840,3,0,"Haas, Miss. Aloisia",Mujer,349236,8.85
841,3,0,"Hagardon, Miss. Kate",Mujer,AQ/3. 30631,7.7333
842,3,0,"Hagland, Mr. Ingvald Olai Olsen",Hombre,65303,19.9667
843,3,0,"Hagland, Mr. Konrad Mathias Reiersen",Hombre,65304,19.9667
844,3,0,"Hakkarainen, Mr. Pekka Pietari",Hombre,STON/O2. 3101279,15.85
845,3,1,"Hakkarainen, Mrs. Pekka Pietari (Elin Matilda Dolck)",Mujer,STON/O2. 3101279,15.85
846,3,0,"Hampe, Mr. Leon",Hombre,345769,9.5
847,3,0,"Hanna, Mr. Mansour",Hombre,2693,7.2292
848,3,0,"Hansen, Mr. Claus Peter",Hombre,350026,14.1083
849,3,0,"Hansen, Mr. Henrik Juul",Hombre,350025,7.8542
850,3,0,"Hansen, Mr. Henry Damsgaard",Hombre,350029,7.8542
851,3,1,"Hansen, Mrs. Claus Peter (Jennie L Howard)",Mujer,350026,14.1083
852,3,0,"Harknett, Miss. Alice Phoebe",Mujer,W./C. 6609,7.55
853,3,0,"Harmer, Mr. Abraham (David Lishin)",Hombre,374887,7.25
854,3,0,"Hart, Mr. Henry",Hombre,394140,6.8583
855,3,0,"Hassan, Mr. Houssein G N",Hombre,2699,18.7875
856,3,1,"Healy, Miss. Hanora ""Nora""",Mujer,370375,7.75
857,3,1,"Hedman, Mr. Oskar Arvid",Hombre,347089,6.975
858,3,1,"Hee, Mr. Ling",Hombre,1601,56.4958
859,3,0,"Hegarty, Miss. Hanora ""Nora""",Mujer,365226,6.75
860,3,1,"Heikkinen, Miss. Laina",Mujer,STON/O2. 3101282,7.925
861,3,0,"Heininen, Miss. Wendla Maria",Mujer,STON/O2. 3101290,7.925
862,3,1,"Hellstrom, Miss. Hilda Maria",Mujer,7548,8.9625
863,3,0,"Hendekovic, Mr. Ignjac",Hombre,349243,7.8958
864,3,0,"Henriksson, Miss. Jenny Lovisa",Mujer,347086,7.775
865,3,0,"Henry, Miss. Delia",Mujer,382649,7.75
866,3,1,"Hirvonen, Miss. Hildur E",Mujer,3101298,12.2875
867,3,1,"Hirvonen, Mrs. Alexander (Helga E Lindqvist)",Mujer,3101298,12.2875
868,3,0,"Holm, Mr. John Fredrik Alexander",Hombre,C 7075,6.45
869,3,0,"Holthen, Mr. Johan Martin",Hombre,C 4001,22.525
870,3,1,"Honkanen, Miss. Eliina",Mujer,STON/O2. 3101283,7.925
871,3,0,"Horgan, Mr. John",Hombre,370377,7.75
872,3,1,"Howard, Miss. May Elizabeth",Mujer,A. 2. 39186,8.05
873,3,0,"Humblen, Mr. Adolf Mathias Nicolai Olsen",Hombre,348121,7.65
874,3,1,"Hyman, Mr. Abraham",Hombre,3470,7.8875
875,3,0,"Ibrahim Shawah, Mr. Yousseff",Hombre,2685,7.2292
876,3,0,"Ilieff, Mr. Ylio",Hombre,349220,7.8958
877,3,0,"Ilmakangas, Miss. Ida Livija",Mujer,STON/O2. 3101270,7.925
878,3,0,"Ilmakangas, Miss. Pieta Sofia",Mujer,STON/O2. 3101271,7.925
879,3,0,"Ivanoff, Mr. Kanio",Hombre,349201,7.8958
880,3,1,"Jalsevac, Mr. Ivan",Hombre,349240,7.8958
881,3,1,"Jansson, Mr. Carl Olof",Hombre,350034,7.7958
882,3,0,"Jardin, Mr. Jose Neto",Hombre,SOTON/O.Q. 3101305,7.05
883,3,0,"Jensen, Mr. Hans Peder",Hombre,350050,7.8542
884,3,0,"Jensen, Mr. Niels Peder",Hombre,350047,7.8542
885,3,0,"Jensen, Mr. Svend Lauritz",Hombre,350048,7.0542
886,3,1,"Jermyn, Miss. Annie",Mujer,14313,7.75
887,3,1,"Johannesen-Bratthammer, Mr. Bernt",Hombre,65306,8.1125
888,3,0,"Johanson, Mr. Jakob Alfred",Hombre,3101264,6.4958
889,3,1,"Johansson Palmquist, Mr. Oskar Leander",Hombre,347070,7.775
890,3,0,"Johansson, Mr. Erik",Hombre,350052,7.7958
891,3,0,"Johansson, Mr. Gustaf Joel",Hombre,7540,8.6542
892,3,0,"Johansson, Mr. Karl Johan",Hombre,347063,7.775
893,3,0,"Johansson, Mr. Nils",Hombre,347467,7.8542
894,3,1,"Johnson, Master. Harold Theodor",Hombre,347742,11.1333
895,3,1,"Johnson, Miss. Eleanor Ileen",Mujer,347742,11.1333
896,3,0,"Johnson, Mr. Alfred",Hombre,LINE,0.0
897,3,0,"Johnson, Mr. Malkolm Joackim",Hombre,347062,7.775
898,3,0,"Johnson, Mr. William Cahoone Jr",Hombre,LINE,0.0
899,3,1,"Johnson, Mrs. Oscar W (Elisabeth Vilhelmina Berg)",Mujer,347742,11.1333
900,3,0,"Johnston, Master. William Arthur ""Willie""",Hombre,W./C. 6607,23.45
901,3,0,"Johnston, Miss. Catherine Helen ""Carrie""",Mujer,W./C. 6607,23.45
902,3,0,"Johnston, Mr. Andrew G",Hombre,W./C. 6607,23.45
903,3,0,"Johnston, Mrs. Andrew G (Elizabeth ""Lily"" Watson)",Mujer,W./C. 6607,23.45
904,3,0,"Jonkoff, Mr. Lalio",Hombre,349204,7.8958
905,3,1,"Jonsson, Mr. Carl",Hombre,350417,7.8542
906,3,0,"Jonsson, Mr. Nils Hilding",Hombre,350408,7.8542
907,3,0,"Jussila, Miss. Katriina",Mujer,4136,9.825
908,3,0,"Jussila, Miss. Mari Aina",Mujer,4137,9.825
909,3,1,"Jussila, Mr. Eiriik",Hombre,STON/O 2. 3101286,7.925
910,3,0,"Kallio, Mr. Nikolai Erland",Hombre,STON/O 2. 3101274,7.125
911,3,0,"Kalvik, Mr. Johannes Halvorsen",Hombre,8475,8.4333
912,3,0,"Karaic, Mr. Milan",Hombre,349246,7.8958
913,3,1,"Karlsson, Mr. Einar Gervasius",Hombre,350053,7.7958
914,3,0,"Karlsson, Mr. Julius Konrad Eugen",Hombre,347465,7.8542
915,3,0,"Karlsson, Mr. Nils August",Hombre,350060,7.5208
916,3,1,"Karun, Miss. Manca",Mujer,349256,13.4167
917,3,1,"Karun, Mr. Franz",Hombre,349256,13.4167
918,3,0,"Kassem, Mr. Fared",Hombre,2700,7.2292
919,3,0,"Katavelas, Mr. Vassilios (""Catavelas Vassilios"")",Hombre,2682,7.2292
920,3,0,"Keane, Mr. Andrew ""Andy""",Hombre,12460,7.75
921,3,0,"Keefe, Mr. Arthur",Hombre,323592,7.25
922,3,1,"Kelly, Miss. Anna Katherine ""Annie Kate""",Mujer,9234,7.75
923,3,1,"Kelly, Miss. Mary",Mujer,14312,7.75
924,3,0,"Kelly, Mr. James",Hombre,330911,7.8292
925,3,0,"Kelly, Mr. James",Hombre,363592,8.05
926,3,1,"Kennedy, Mr. John",Hombre,368783,7.75
927,3,0,"Khalil, Mr. Betros",Hombre,2660,14.4542
928,3,0,"Khalil, Mrs. Betros (Zahie ""Maria"" Elias)",Mujer,2660,14.4542
929,3,0,"Kiernan, Mr. John",Hombre,367227,7.75
930,3,0,"Kiernan, Mr. Philip",Hombre,367229,7.75
931,3,0,"Kilgannon, Mr. Thomas J",Hombre,36865,7.7375
932,3,0,"Kink, Miss. Maria",Mujer,315152,8.6625
933,3,0,"Kink, Mr. Vincenz",Hombre,315151,8.6625
934,3,1,"Kink-Heilmann, Miss. Luise Gretchen",Mujer,315153,22.025
935,3,1,"Kink-Heilmann, Mr. Anton",Hombre,315153,22.025
936,3,1,"Kink-Heilmann, Mrs. Anton (Luise Heilmann)",Mujer,315153,22.025
937,3,0,"Klasen, Miss. Gertrud Emilia",Mujer,350405,12.1833
938,3,0,"Klasen, Mr. Klas Albin",Hombre,350404,7.8542
939,3,0,"Klasen, Mrs. (Hulda Kristina Eugenia Lofqvist)",Mujer,350405,12.1833
940,3,0,"Kraeff, Mr. Theodor",Hombre,349253,7.8958
941,3,1,"Krekorian, Mr. Neshan",Hombre,2654,7.2292
942,3,0,"Lahoud, Mr. Sarkis",Hombre,2624,7.225
943,3,0,"Laitinen, Miss. Kristina Sofia",Mujer,4135,9.5875
944,3,0,"Laleff, Mr. Kristo",Hombre,349217,7.8958
945,3,1,"Lam, Mr. Ali",Hombre,1601,56.4958
946,3,0,"Lam, Mr. Len",Hombre,1601,56.4958
947,3,1,"Landergren, Miss. Aurora Adelia",Mujer,C 7077,7.25
948,3,0,"Lane, Mr. Patrick",Hombre,7935,7.75
949,3,1,"Lang, Mr. Fang",Hombre,1601,56.4958
950,3,0,"Larsson, Mr. August Viktor",Hombre,7545,9.4833
951,3,0,"Larsson, Mr. Bengt Edvin",Hombre,347067,7.775
952,3,0,"Larsson-Rondberg, Mr. Edvard A",Hombre,347065,7.775
953,3,1,"Leeni, Mr. Fahim (""Philip Zenni"")",Hombre,2620,7.225
954,3,0,"Lefebre, Master. Henry Forbes",Hombre,4133,25.4667
955,3,0,"Lefebre, Miss. Ida",Mujer,4133,25.4667
956,3,0,"Lefebre, Miss. Jeannie",Mujer,4133,25.4667
957,3,0,"Lefebre, Miss. Mathilde",Mujer,4133,25.4667
958,3,0,"Lefebre, Mrs. Frank (Frances)",Mujer,4133,25.4667
959,3,0,"Leinonen, Mr. Antti Gustaf",Hombre,STON/O 2. 3101292,7.925
960,3,0,"Lemberopolous, Mr. Peter L",Hombre,2683,6.4375
961,3,0,"Lennon, Miss. Mary",Mujer,370371,15.5
962,3,0,"Lennon, Mr. Denis",Hombre,370371,15.5
963,3,0,"Leonard, Mr. Lionel",Hombre,LINE,0.0
964,3,0,"Lester, Mr. James",Hombre,A/4 48871,24.15
965,3,0,"Lievens, Mr. Rene Aime",Hombre,345781,9.5
966,3,0,"Lindahl, Miss. Agda Thorilda Viktoria",Mujer,347071,7.775
967,3,0,"Lindblom, Miss. Augusta Charlotta",Mujer,347073,7.75
968,3,0,"Lindell, Mr. Edvard Bengtsson",Hombre,349910,15.55
969,3,0,"Lindell, Mrs. Edvard Bengtsson (Elin Gerda Persson)",Mujer,349910,15.55
970,3,1,"Lindqvist, Mr. Eino William",Hombre,STON/O 2. 3101285,7.925
971,3,0,"Linehan, Mr. Michael",Hombre,330971,7.8792
972,3,0,"Ling, Mr. Lee",Hombre,1601,56.4958
973,3,0,"Lithman, Mr. Simon",Hombre,S.O./P.P. 251,7.55
974,3,0,"Lobb, Mr. William Arthur",Hombre,A/5. 3336,16.1
975,3,0,"Lobb, Mrs. William Arthur (Cordelia K Stanlick)",Mujer,A/5. 3336,16.1
976,3,0,"Lockyer, Mr. Edward",Hombre,1222,7.8792
977,3,0,"Lovell, Mr. John Hall (""Henry"")",Hombre,A/5 21173,7.25
978,3,1,"Lulic, Mr. Nikola",Hombre,315098,8.6625
979,3,0,"Lundahl, Mr. Johan Svensson",Hombre,347743,7.0542
980,3,1,"Lundin, Miss. Olga Elida",Mujer,347469,7.8542
981,3,1,"Lundstrom, Mr. Thure Edvin",Hombre,350403,7.5792
982,3,0,"Lyntakoff, Mr. Stanko",Hombre,349235,7.8958
983,3,0,"MacKay, Mr. George William",Hombre,C.A. 42795,7.55
984,3,1,"Madigan, Miss. Margaret ""Maggie""",Mujer,370370,7.75
985,3,1,"Madsen, Mr. Fridtjof Arne",Hombre,C 17369,7.1417
986,3,0,"Maenpaa, Mr. Matti Alexanteri",Hombre,STON/O 2. 3101275,7.125
987,3,0,"Mahon, Miss. Bridget Delia",Mujer,330924,7.8792
988,3,0,"Mahon, Mr. John",Hombre,AQ/4 3130,7.75
989,3,0,"Maisner, Mr. Simon",Hombre,A/S 2816,8.05
990,3,0,"Makinen, Mr. Kalle Edvard",Hombre,STON/O 2. 3101268,7.925
991,3,1,"Mamee, Mr. Hanna",Hombre,2677,7.2292
992,3,0,"Mangan, Miss. Mary",Mujer,364850,7.75
993,3,1,"Mannion, Miss. Margareth",Mujer,36866,7.7375
994,3,0,"Mardirosian, Mr. Sarkis",Hombre,2655,7.2292
995,3,0,"Markoff, Mr. Marin",Hombre,349213,7.8958
996,3,0,"Markun, Mr. Johann",Hombre,349257,7.8958
997,3,1,"Masselmani, Mrs. Fatima",Mujer,2649,7.225
998,3,0,"Matinoff, Mr. Nicola",Hombre,349255,7.8958
999,3,1,"McCarthy, Miss. Catherine ""Katie""",Mujer,383123,7.75
1000,3,1,"McCormack, Mr. Thomas Joseph",Hombre,367228,7.75
1001,3,1,"McCoy, Miss. Agnes",Mujer,367226,23.25
1002,3,1,"McCoy, Miss. Alicia",Mujer,367226,23.25
1003,3,1,"McCoy, Mr. Bernard",Hombre,367226,23.25
1004,3,1,"McDermott, Miss. Brigdet Delia",Mujer,330932,7.7875
1005,3,0,"McEvoy, Mr. Michael",Hombre,36568,15.5
1006,3,1,"McGovern, Miss. Mary",Mujer,330931,7.8792
1007,3,1,"McGowan, Miss. Anna ""Annie""",Mujer,330923,8.0292
1008,3,0,"McGowan, Miss. Katherine",Mujer,9232,7.75
1009,3,0,"McMahon, Mr. Martin",Hombre,370372,7.75
1010,3,0,"McNamee, Mr. Neal",Hombre,376566,16.1
1011,3,0,"McNamee, Mrs. Neal (Eileen O'Leary)",Mujer,376566,16.1
1012,3,0,"McNeill, Miss. Bridget",Mujer,370368,7.75
1013,3,0,"Meanwell, Miss. (Marion Ogden)",Mujer,SOTON/O.Q. 392087,8.05
1014,3,0,"Meek, Mrs. Thomas (Annie Louise Rowley)",Mujer,343095,8.05
1015,3,0,"Meo, Mr. Alfonzo",Hombre,A.5. 11206,8.05
1016,3,0,"Mernagh, Mr. Robert",Hombre,368703,7.75
1017,3,1,"Midtsjo, Mr. Karl Albert",Hombre,345501,7.775
1018,3,0,"Miles, Mr. Frank",Hombre,359306,8.05
1019,3,0,"Mineff, Mr. Ivan",Hombre,349233,7.8958
1020,3,0,"Minkoff, Mr. Lazar",Hombre,349211,7.8958
1021,3,0,"Mionoff, Mr. Stoytcho",Hombre,349207,7.8958
1022,3,0,"Mitkoff, Mr. Mito",Hombre,349221,7.8958
1023,3,1,"Mockler, Miss. Helen Mary ""Ellie""",Mujer,330980,7.8792
1024,3,0,"Moen, Mr. Sigurd Hansen",Hombre,348123,7.65
1025,3,1,"Moor, Master. Meier",Hombre,392096,12.475
1026,3,1,"Moor, Mrs. (Beila)",Mujer,392096,12.475
1027,3,0,"Moore, Mr. Leonard Charles",Hombre,A4. 54510,8.05
1028,3,1,"Moran, Miss. Bertha",Mujer,371110,24.15
1029,3,0,"Moran, Mr. Daniel J",Hombre,371110,24.15
1030,3,0,"Moran, Mr. James",Hombre,330877,8.4583
1031,3,0,"Morley, Mr. William",Hombre,364506,8.05
1032,3,0,"Morrow, Mr. Thomas Rowan",Hombre,372622,7.75
1033,3,1,"Moss, Mr. Albert Johan",Hombre,312991,7.775
1034,3,1,"Moubarek, Master. Gerios",Hombre,2661,15.2458
1035,3,1,"Moubarek, Master. Halim Gonios (""William George"")",Hombre,2661,15.2458
1036,3,1,"Moubarek, Mrs. George (Omine ""Amenia"" Alexander)",Mujer,2661,15.2458
1037,3,1,"Moussa, Mrs. (Mantoura Boulos)",Mujer,2626,7.2292
1038,3,0,"Moutal, Mr. Rahamin Haim",Hombre,374746,8.05
1039,3,1,"Mullens, Miss. Katherine ""Katie""",Mujer,35852,7.7333
1040,3,1,"Mulvihill, Miss. Bertha E",Mujer,382653,7.75
1041,3,0,"Murdlin, Mr. Joseph",Hombre,A./5. 3235,8.05
1042,3,1,"Murphy, Miss. Katherine ""Kate""",Mujer,367230,15.5
1043,3,1,"Murphy, Miss. Margaret Jane",Mujer,367230,15.5
1044,3,1,"Murphy, Miss. Nora",Mujer,36568,15.5
1045,3,0,"Myhrman, Mr. Pehr Fabian Oliver Malkolm",Hombre,347078,7.75
1046,3,0,"Naidenoff, Mr. Penko",Hombre,349206,7.8958
1047,3,1,"Najib, Miss. Adele Kiamie ""Jane""",Mujer,2667,7.225
1048,3,1,"Nakid, Miss. Maria (""Mary"")",Mujer,2653,15.7417
1049,3,1,"Nakid, Mr. Sahid",Hombre,2653,15.7417
1050,3,1,"Nakid, Mrs. Said (Waika ""Mary"" Mowad)",Mujer,2653,15.7417
1051,3,0,"Nancarrow, Mr. William Henry",Hombre,A./5. 3338,8.05
1052,3,0,"Nankoff, Mr. Minko",Hombre,349218,7.8958
1053,3,0,"Nasr, Mr. Mustafa",Hombre,2652,7.2292
1054,3,0,"Naughton, Miss. Hannah",Mujer,365237,7.75
1055,3,0,"Nenkoff, Mr. Christo",Hombre,349234,7.8958
1056,3,1,"Nicola-Yarred, Master. Elias",Hombre,2651,11.2417
1057,3,1,"Nicola-Yarred, Miss. Jamila",Mujer,2651,11.2417
1058,3,0,"Nieminen, Miss. Manta Josefina",Mujer,3101297,7.925
1059,3,0,"Niklasson, Mr. Samuel",Hombre,363611,8.05
1060,3,1,"Nilsson, Miss. Berta Olivia",Mujer,347066,7.775
1061,3,1,"Nilsson, Miss. Helmina Josefina",Mujer,347470,7.8542
1062,3,0,"Nilsson, Mr. August Ferdinand",Hombre,350410,7.8542
1063,3,0,"Nirva, Mr. Iisakki Antino Aijo",Hombre,SOTON/O2 3101272,7.125
1064,3,1,"Niskanen, Mr. Juha",Hombre,STON/O 2. 3101289,7.925
1065,3,0,"Nosworthy, Mr. Richard Cater",Hombre,A/4. 39886,7.8
1066,3,0,"Novel, Mr. Mansouer",Hombre,2697,7.2292
1067,3,1,"Nysten, Miss. Anna Sofia",Mujer,347081,7.75
1068,3,0,"Nysveen, Mr. Johan Hansen",Hombre,345364,6.2375
1069,3,0,"O'Brien, Mr. Thomas",Hombre,370365,15.5
1070,3,0,"O'Brien, Mr. Timothy",Hombre,330979,7.8292
1071,3,1,"O'Brien, Mrs. Thomas (Johanna ""Hannah"" Godfrey)",Mujer,370365,15.5
1072,3,0,"O'Connell, Mr. Patrick D",Hombre,334912,7.7333
1073,3,0,"O'Connor, Mr. Maurice",Hombre,371060,7.75
1074,3,0,"O'Connor, Mr. Patrick",Hombre,366713,7.75
1075,3,0,"Odahl, Mr. Nils Martin",Hombre,7267,9.225
1076,3,0,"O'Donoghue, Ms. Bridget",Mujer,364856,7.75
1077,3,1,"O'Driscoll, Miss. Bridget",Mujer,14311,7.75
1078,3,1,"O'Dwyer, Miss. Ellen ""Nellie""",Mujer,330959,7.8792
1079,3,1,"Ohman, Miss. Velin",Mujer,347085,7.775
1080,3,1,"O'Keefe, Mr. Patrick",Hombre,368402,7.75
1081,3,1,"O'Leary, Miss. Hanora ""Norah""",Mujer,330919,7.8292
1082,3,1,"Olsen, Master. Artur Karl",Hombre,C 17368,3.1708
1083,3,0,"Olsen, Mr. Henry Margido",Hombre,C 4001,22.525
1084,3,0,"Olsen, Mr. Karl Siegwart Andreas",Hombre,4579,8.4042
1085,3,0,"Olsen, Mr. Ole Martin",Hombre,Fa 265302,7.3125
1086,3,0,"Olsson, Miss. Elina",Mujer,350407,7.8542
1087,3,0,"Olsson, Mr. Nils Johan Goransson",Hombre,347464,7.8542
1088,3,1,"Olsson, Mr. Oscar Wilhelm",Hombre,347079,7.775
1089,3,0,"Olsvigen, Mr. Thor Anderson",Hombre,6563,9.225
1090,3,0,"Oreskovic, Miss. Jelka",Mujer,315085,8.6625
1091,3,0,"Oreskovic, Miss. Marija",Mujer,315096,8.6625
1092,3,0,"Oreskovic, Mr. Luka",Hombre,315094,8.6625
1093,3,0,"Osen, Mr. Olaf Elon",Hombre,7534,9.2167
1094,3,1,"Osman, Mrs. Mara",Mujer,349244,8.6833
1095,3,0,"O'Sullivan, Miss. Bridget Mary",Mujer,330909,7.6292
1096,3,0,"Palsson, Master. Gosta Leonard",Hombre,349909,21.075
1097,3,0,"Palsson, Master. Paul Folke",Hombre,349909,21.075
1098,3,0,"Palsson, Miss. Stina Viola",Mujer,349909,21.075
1099,3,0,"Palsson, Miss. Torborg Danira",Mujer,349909,21.075
1100,3,0,"Palsson, Mrs. Nils (Alma Cornelia Berglund)",Mujer,349909,21.075
1101,3,0,"Panula, Master. Eino Viljami",Hombre,3101295,39.6875
1102,3,0,"Panula, Master. Juha Niilo",Hombre,3101295,39.6875
1103,3,0,"Panula, Master. Urho Abraham",Hombre,3101295,39.6875
1104,3,0,"Panula, Mr. Ernesti Arvid",Hombre,3101295,39.6875
1105,3,0,"Panula, Mr. Jaako Arnold",Hombre,3101295,39.6875
1106,3,0,"Panula, Mrs. Juha (Maria Emilia Ojala)",Mujer,3101295,39.6875
1107,3,0,"Pasic, Mr. Jakob",Hombre,315097,8.6625
1108,3,0,"Patchett, Mr. George",Hombre,358585,14.5
1109,3,0,"Paulner, Mr. Uscher",Hombre,3411,8.7125
1110,3,0,"Pavlovic, Mr. Stefo",Hombre,349242,7.8958
1111,3,0,"Peacock, Master. Alfred Edward",Hombre,SOTON/O.Q. 3101315,13.775
1112,3,0,"Peacock, Miss. Treasteall",Mujer,SOTON/O.Q. 3101315,13.775
1113,3,0,"Peacock, Mrs. Benjamin (Edith Nile)",Mujer,SOTON/O.Q. 3101315,13.775
1114,3,0,"Pearce, Mr. Ernest",Hombre,343271,7.0
1115,3,0,"Pedersen, Mr. Olaf",Hombre,345498,7.775
1116,3,0,"Peduzzi, Mr. Joseph",Hombre,A/5 2817,8.05
1117,3,0,"Pekoniemi, Mr. Edvard",Hombre,STON/O 2. 3101294,7.925
1118,3,0,"Peltomaki, Mr. Nikolai Johannes",Hombre,STON/O 2. 3101291,7.925
1119,3,0,"Perkin, Mr. John Henry",Hombre,A/5 21174,7.25
1120,3,1,"Persson, Mr. Ernst Ulrik",Hombre,347083,7.775
1121,3,1,"Peter, Master. Michael J",Hombre,2668,22.3583
1122,3,1,"Peter, Miss. Anna",Mujer,2668,22.3583
1123,3,1,"Peter, Mrs. Catherine (Catherine Rizk)",Mujer,2668,22.3583
1124,3,0,"Peters, Miss. Katie",Mujer,330935,8.1375
1125,3,0,"Petersen, Mr. Marius",Hombre,342441,8.05
1126,3,0,"Petranec, Miss. Matilda",Mujer,349245,7.8958
1127,3,0,"Petroff, Mr. Nedelio",Hombre,349212,7.8958
1128,3,0,"Petroff, Mr. Pastcho (""Pentcho"")",Hombre,349215,7.8958
1129,3,0,"Petterson, Mr. Johan Emil",Hombre,347076,7.775
1130,3,0,"Pettersson, Miss. Ellen Natalia",Mujer,347087,7.775
1131,3,1,"Pickard, Mr. Berk (Berk Trembisky)",Hombre,SOTON/O.Q. 392078,8.05
1132,3,0,"Plotcharsky, Mr. Vasil",Hombre,349227,7.8958
1133,3,0,"Pokrnic, Mr. Mate",Hombre,315095,8.6625
1134,3,0,"Pokrnic, Mr. Tome",Hombre,315092,8.6625
1135,3,0,"Radeff, Mr. Alexander",Hombre,349223,7.8958
1136,3,0,"Rasmussen, Mrs. (Lena Jacobsen Solvang)",Mujer,65305,8.1125
1137,3,0,"Razi, Mr. Raihed",Hombre,2629,7.2292
1138,3,0,"Reed, Mr. James George",Hombre,362316,7.25
1139,3,0,"Rekic, Mr. Tido",Hombre,349249,7.8958
1140,3,0,"Reynolds, Mr. Harold J",Hombre,342684,8.05
1141,3,0,"Rice, Master. Albert",Hombre,382652,29.125
1142,3,0,"Rice, Master. Arthur",Hombre,382652,29.125
1143,3,0,"Rice, Master. Eric",Hombre,382652,29.125
1144,3,0,"Rice, Master. Eugene",Hombre,382652,29.125
1145,3,0,"Rice, Master. George Hugh",Hombre,382652,29.125
1146,3,0,"Rice, Mrs. William (Margaret Norton)",Mujer,382652,29.125
1147,3,0,"Riihivouri, Miss. Susanna Juhantytar ""Sanni""",Mujer,3101295,39.6875
1148,3,0,"Rintamaki, Mr. Matti",Hombre,STON/O 2. 3101273,7.125
1149,3,1,"Riordan, Miss. Johanna ""Hannah""",Mujer,334915,7.7208
1150,3,0,"Risien, Mr. Samuel Beard",Hombre,364498,14.5
1151,3,0,"Risien, Mrs. Samuel (Emma)",Mujer,364498,14.5
1152,3,0,"Robins, Mr. Alexander A",Hombre,A/5. 3337,14.5
1153,3,0,"Robins, Mrs. Alexander A (Grace Charity Laury)",Mujer,A/5. 3337,14.5
1154,3,0,"Rogers, Mr. William John",Hombre,S.C./A.4. 23567,8.05
1155,3,0,"Rommetvedt, Mr. Knud Paust",Hombre,312993,7.775
1156,3,0,"Rosblom, Miss. Salli Helena",Mujer,370129,20.2125
1157,3,0,"Rosblom, Mr. Viktor Richard",Hombre,370129,20.2125
1158,3,0,"Rosblom, Mrs. Viktor (Helena Wilhelmina)",Mujer,370129,20.2125
1159,3,1,"Roth, Miss. Sarah A",Mujer,342712,8.05
1160,3,0,"Rouse, Mr. Richard Henry",Hombre,A/5 3594,8.05
1161,3,0,"Rush, Mr. Alfred George John",Hombre,A/4. 20589,8.05
1162,3,1,"Ryan, Mr. Edward",Hombre,383162,7.75
1163,3,0,"Ryan, Mr. Patrick",Hombre,371110,24.15
1164,3,0,"Saad, Mr. Amin",Hombre,2671,7.2292
1165,3,0,"Saad, Mr. Khalil",Hombre,2672,7.225
1166,3,0,"Saade, Mr. Jean Nassr",Hombre,2676,7.225
1167,3,0,"Sadlier, Mr. Matthew",Hombre,367655,7.7292
1168,3,0,"Sadowitz, Mr. Harry",Hombre,LP 1588,7.575
1169,3,0,"Saether, Mr. Simon Sivertsen",Hombre,SOTON/O.Q. 3101262,7.25
1170,3,0,"Sage, Master. Thomas Henry",Hombre,CA. 2343,69.55
1171,3,0,"Sage, Master. William Henry",Hombre,CA. 2343,69.55
1172,3,0,"Sage, Miss. Ada",Mujer,CA. 2343,69.55
1173,3,0,"Sage, Miss. Constance Gladys",Mujer,CA. 2343,69.55
1174,3,0,"Sage, Miss. Dorothy Edith ""Dolly""",Mujer,CA. 2343,69.55
1175,3,0,"Sage, Miss. Stella Anna",Mujer,CA. 2343,69.55
1176,3,0,"Sage, Mr. Douglas Bullen",Hombre,CA. 2343,69.55
1177,3,0,"Sage, Mr. Frederick",Hombre,CA. 2343,69.55
1178,3,0,"Sage, Mr. George John Jr",Hombre,CA. 2343,69.55
1179,3,0,"Sage, Mr. John George",Hombre,CA. 2343,69.55
1180,3,0,"Sage, Mrs. John (Annie Bullen)",Mujer,CA. 2343,69.55
1181,3,0,"Salander, Mr. Karl Johan",Hombre,7266,9.325
1182,3,1,"Salkjelsvik, Miss. Anna Kristine",Mujer,343120,7.65
1183,3,0,"Salonen, Mr. Johan Werner",Hombre,3101296,7.925
1184,3,0,"Samaan, Mr. Elias",Hombre,2662,21.6792
1185,3,0,"Samaan, Mr. Hanna",Hombre,2662,21.6792
1186,3,0,"Samaan, Mr. Youssef",Hombre,2662,21.6792
1187,3,1,"Sandstrom, Miss. Beatrice Irene",Mujer,PP 9549,16.7
1188,3,1,"Sandstrom, Mrs. Hjalmar (Agnes Charlotta Bengtsson)",Mujer,PP 9549,16.7
1189,3,1,"Sandstrom, Miss. Marguerite Rut",Mujer,PP 9549,16.7
1190,3,1,"Sap, Mr. Julius",Hombre,345768,9.5
1191,3,0,"Saundercock, Mr. William Henry",Hombre,A/5. 2151,8.05
1192,3,0,"Sawyer, Mr. Frederick Charles",Hombre,342826,8.05
1193,3,0,"Scanlan, Mr. James",Hombre,36209,7.725
1194,3,0,"Sdycoff, Mr. Todor",Hombre,349222,7.8958
1195,3,0,"Shaughnessy, Mr. Patrick",Hombre,370374,7.75
1196,3,1,"Sheerlinck, Mr. Jan Baptist",Hombre,345779,9.5
1197,3,0,"Shellard, Mr. Frederick William",Hombre,C.A. 6212,15.1
1198,3,1,"Shine, Miss. Ellen Natalia",Mujer,330968,7.7792
1199,3,0,"Shorney, Mr. Charles Joseph",Hombre,374910,8.05
1200,3,0,"Simmons, Mr. John",Hombre,SOTON/OQ 392082,8.05
1201,3,0,"Sirayanian, Mr. Orsen",Hombre,2669,7.2292
1202,3,0,"Sirota, Mr. Maurice",Hombre,392092,8.05
1203,3,0,"Sivic, Mr. Husein",Hombre,349251,7.8958
1204,3,0,"Sivola, Mr. Antti Wilhelm",Hombre,STON/O 2. 3101280,7.925
1205,3,1,"Sjoblom, Miss. Anna Sofia",Mujer,3101265,7.4958
1206,3,0,"Skoog, Master. Harald",Hombre,347088,27.9
1207,3,0,"Skoog, Master. Karl Thorsten",Hombre,347088,27.9
1208,3,0,"Skoog, Miss. Mabel",Mujer,347088,27.9
1209,3,0,"Skoog, Miss. Margit Elizabeth",Mujer,347088,27.9
1210,3,0,"Skoog, Mr. Wilhelm",Hombre,347088,27.9
1211,3,0,"Skoog, Mrs. William (Anna Bernhardina Karlsson)",Mujer,347088,27.9
1212,3,0,"Slabenoff, Mr. Petco",Hombre,349214,7.8958
1213,3,0,"Slocovski, Mr. Selman Francis",Hombre,SOTON/OQ 392086,8.05
1214,3,0,"Smiljanic, Mr. Mile",Hombre,315037,8.6625
1215,3,0,"Smith, Mr. Thomas",Hombre,384461,7.75
1216,3,1,"Smyth, Miss. Julia",Mujer,335432,7.7333
1217,3,0,"Soholt, Mr. Peter Andreas Lauritz Andersen",Hombre,348124,7.65
1218,3,0,"Somerton, Mr. Francis William",Hombre,A.5. 18509,8.05
1219,3,0,"Spector, Mr. Woolf",Hombre,A.5. 3236,8.05
1220,3,0,"Spinner, Mr. Henry John",Hombre,STON/OQ. 369943,8.05
1221,3,0,"Staneff, Mr. Ivan",Hombre,349208,7.8958
1222,3,0,"Stankovic, Mr. Ivan",Hombre,349239,8.6625
1223,3,1,"Stanley, Miss. Amy Zillah Elsie",Mujer,CA. 2314,7.55
1224,3,0,"Stanley, Mr. Edward Roland",Hombre,A/4 45380,8.05
1225,3,0,"Storey, Mr. Thomas",Hombre,3701,
1226,3,0,"Stoytcheff, Mr. Ilia",Hombre,349205,7.8958
1227,3,0,"Strandberg, Miss. Ida Sofia",Mujer,7553,9.8375
1228,3,1,"Stranden, Mr. Juho",Hombre,STON/O 2. 3101288,7.925
1229,3,0,"Strilic, Mr. Ivan",Hombre,315083,8.6625
1230,3,0,"Strom, Miss. Telma Matilda",Mujer,347054,10.4625
1231,3,0,"Strom, Mrs. Wilhelm (Elna Matilda Persson)",Mujer,347054,10.4625
1232,3,1,"Sunderland, Mr. Victor Francis",Hombre,SOTON/OQ 392089,8.05
1233,3,1,"Sundman, Mr. Johan Julian",Hombre,STON/O 2. 3101269,7.925
1234,3,0,"Sutehall, Mr. Henry Jr",Hombre,SOTON/OQ 392076,7.05
1235,3,0,"Svensson, Mr. Johan",Hombre,347060,7.775
1236,3,1,"Svensson, Mr. Johan Cervin",Hombre,7538,9.225
1237,3,0,"Svensson, Mr. Olof",Hombre,350035,7.7958
1238,3,1,"Tenglin, Mr. Gunnar Isidor",Hombre,350033,7.7958
1239,3,0,"Theobald, Mr. Thomas Leonard",Hombre,363294,8.05
1240,3,1,"Thomas, Master. Assad Alexander",Hombre,2625,8.5167
1241,3,0,"Thomas, Mr. Charles P",Hombre,2621,6.4375
1242,3,0,"Thomas, Mr. John",Hombre,2681,6.4375
1243,3,0,"Thomas, Mr. Tannous",Hombre,2684,7.225
1244,3,1,"Thomas, Mrs. Alexander (Thamine ""Thelma"")",Mujer,2625,8.5167
1245,3,0,"Thomson, Mr. Alexander Morrison",Hombre,32302,8.05
1246,3,0,"Thorneycroft, Mr. Percival",Hombre,376564,16.1
1247,3,1,"Thorneycroft, Mrs. Percival (Florence Kate White)",Mujer,376564,16.1
1248,3,0,"Tikkanen, Mr. Juho",Hombre,STON/O 2. 3101293,7.925
1249,3,0,"Tobin, Mr. Roger",Hombre,383121,7.75
1250,3,0,"Todoroff, Mr. Lalio",Hombre,349216,7.8958
1251,3,0,"Tomlin, Mr. Ernest Portage",Hombre,364499,8.05
1252,3,0,"Torber, Mr. Ernst William",Hombre,364511,8.05
1253,3,0,"Torfa, Mr. Assad",Hombre,2673,7.2292
1254,3,1,"Tornquist, Mr. William Henry",Hombre,LINE,0.0
1255,3,0,"Toufik, Mr. Nakli",Hombre,2641,7.2292
1256,3,1,"Touma, Master. Georges Youssef",Hombre,2650,15.2458
1257,3,1,"Touma, Miss. Maria Youssef",Mujer,2650,15.2458
1258,3,1,"Touma, Mrs. Darwis (Hanne Youssef Razi)",Mujer,2650,15.2458
1259,3,0,"Turcin, Mr. Stjepan",Hombre,349247,7.8958
1260,3,1,"Turja, Miss. Anna Sofia",Mujer,4138,9.8417
1261,3,1,"Turkula, Mrs. (Hedwig)",Mujer,4134,9.5875
1262,3,0,"van Billiard, Master. James William",Hombre,A/5. 851,14.5
1263,3,0,"van Billiard, Master. Walter John",Hombre,A/5. 851,14.5
1264,3,0,"van Billiard, Mr. Austin Blyler",Hombre,A/5. 851,14.5
1265,3,0,"Van Impe, Miss. Catharina",Mujer,345773,24.15
1266,3,0,"Van Impe, Mr. Jean Baptiste",Hombre,345773,24.15
1267,3,0,"Van Impe, Mrs. Jean Baptiste (Rosalie Paula Govaert)",Mujer,345773,24.15
1268,3,0,"van Melkebeke, Mr. Philemon",Hombre,345777,9.5
1269,3,0,"Vande Velde, Mr. Johannes Joseph",Hombre,345780,9.5
1270,3,0,"Vande Walle, Mr. Nestor Cyriel",Hombre,345770,9.5
1271,3,0,"Vanden Steen, Mr. Leo Peter",Hombre,345783,9.5
1272,3,0,"Vander Cruyssen, Mr. Victor",Hombre,345765,9.0
1273,3,0,"Vander Planke, Miss. Augusta Maria",Mujer,345764,18.0
1274,3,0,"Vander Planke, Mr. Julius",Hombre,345763,18.0
1275,3,0,"Vander Planke, Mr. Leo Edmondus",Hombre,345764,18.0
1276,3,0,"Vander Planke, Mrs. Julius (Emelia Maria Vandemoortele)",Mujer,345763,18.0
1277,3,1,"Vartanian, Mr. David",Hombre,2658,7.225
1278,3,0,"Vendel, Mr. Olof Edvin",Hombre,350416,7.8542
1279,3,0,"Vestrom, Miss. Hulda Amanda Adolfina",Mujer,350406,7.8542
1280,3,0,"Vovk, Mr. Janko",Hombre,349252,7.8958
1281,3,0,"Waelens, Mr. Achille",Hombre,345767,9.0
1282,3,0,"Ware, Mr. Frederick",Hombre,359309,8.05
1283,3,0,"Warren, Mr. Charles William",Hombre,C.A. 49867,7.55
1284,3,0,"Webber, Mr. James",Hombre,SOTON/OQ 3101316,8.05
1285,3,0,"Wenzel, Mr. Linhart",Hombre,345775,9.5
1286,3,1,"Whabee, Mrs. George Joseph (Shawneene Abi-Saab)",Mujer,2688,7.2292
1287,3,0,"Widegren, Mr. Carl/Charles Peter",Hombre,347064,7.75
1288,3,0,"Wiklund, Mr. Jakob Alfred",Hombre,3101267,6.4958
1289,3,0,"Wiklund, Mr. Karl Johan",Hombre,3101266,6.4958
1290,3,1,"Wilkes, Mrs. James (Ellen Needs)",Mujer,363272,7.0
1291,3,0,"Willer, Mr. Aaron (""Abi Weller"")",Hombre,3410,8.7125
1292,3,0,"Willey, Mr. Edward",Hombre,S.O./P.P. 751,7.55
1293,3,0,"Williams, Mr. Howard Hugh ""Harry""",Hombre,A/5 2466,8.05
1294,3,0,"Williams, Mr. Leslie",Hombre,54636,16.1
1295,3,0,"Windelov, Mr. Einar",Hombre,SOTON/OQ 3101317,7.25
1296,3,0,"Wirz, Mr. Albert",Hombre,315154,8.6625
1297,3,0,"Wiseman, Mr. Phillippe",Hombre,A/4. 34244,7.25
1298,3,0,"Wittevrongel, Mr. Camille",Hombre,345771,9.5
1299,3,0,"Yasbeck, Mr. Antoni",Hombre,2659,14.4542
1300,3,1,"Yasbeck, Mrs. Antoni (Selini Alexander)",Mujer,2659,14.4542
1301,3,0,"Youseff, Mr. Gerious",Hombre,2628,7.225
1302,3,0,"Yousif, Mr. Wazli",Hombre,2647,7.225
1303,3,0,"Yousseff, Mr. Gerious",Hombre,2627,14.4583
1304,3,0,"Zabour, Miss. Hileni",Mujer,2665,14.4542
1305,3,0,"Zabour, Miss. Thamine",Mujer,2665,14.4542
1306,3,0,"Zakarian, Mr. Mapriededer",Hombre,2656,7.225
1307,3,0,"Zakarian, Mr. Ortin",Hombre,2670,7.225
1308,3,0,"Zimmerman, Mr. Leo",Hombre,315082,7.875
